,BOWLING,team,W,ECON,R,balls_balled,extras,boundaries,M,normalized_W,normalized_ECON,normalized_extras,boundary_percentage,normalized_boundary_perc
0,Aamer Yamin,Pakistan,1,7.22,65,54.0,1,8,0,0.09009009009009009,8.222857142857142,9.910714285714286,0.14814814814814814,8.518518518518519
1,Aamir Kaleem,Oman,2,5.29,83,101.0,1,6,1,0.18018018018018017,8.774285714285714,9.910714285714286,0.0594059405940594,9.405940594059405
2,Aarif Sheikh,Nepal,6,5.561923076923078,529,669.0,12,50,2,0.5405405405405406,8.696593406593408,8.928571428571429,0.07473841554559044,9.252615844544096
3,Aaron Finch,Australia,2,6.843333333333334,146,150.0,2,15,0,0.18018018018018017,8.33047619047619,9.821428571428571,0.1,9.0
4,Aaron Jones,United States of America,0,6.084444444444444,174,186.0,3,18,0,0.0,8.547301587301588,9.732142857142858,0.0967741935483871,9.032258064516128
5,Aayan Afzal Khan,United Arab Emirates,32,3.9164,875,1358.0,12,79,20,2.8828828828828827,9.166742857142857,8.928571428571429,0.05817378497790869,9.418262150220913
6,Abdul Rahman,Afghanistan,0,6.75,27,24.0,0,3,0,0.0,8.357142857142858,10.0,0.125,8.75
7,Abhishek Paradkar,United States of America,8,7.467499999999999,159,144.0,0,24,2,0.7207207207207207,8.152142857142856,10.0,0.16666666666666666,8.333333333333334
8,Abinash Bohara,Nepal,0,5.359999999999999,51,66.0,0,7,2,0.0,8.754285714285714,10.0,0.10606060606060606,8.93939393939394
9,Abu Hider,Bangladesh,3,4.9399999999999995,89,108.0,1,10,2,0.2702702702702703,8.874285714285715,9.910714285714286,0.09259259259259259,9.074074074074074
10,Abu Jayed,Bangladesh,5,6.33,114,108.0,5,14,0,0.4504504504504504,8.477142857142857,9.553571428571429,0.12962962962962962,8.703703703703704
11,Abul Hasan,Bangladesh,0,6.25,25,24.0,0,3,0,0.0,8.5,10.0,0.125,8.75
12,Adam Milne,New Zealand,9,5.782,274,282.0,8,35,1,0.8108108108108109,8.633714285714285,9.285714285714286,0.12411347517730496,8.75886524822695
13,Adam Zampa,Australia,91,5.424230769230769,2485,2798.0,30,216,7,8.198198198198197,8.735934065934066,7.321428571428572,0.07719799857040743,9.228020014295925
14,Adhitya Shetty,United Arab Emirates,1,5.6,56,60.0,0,6,1,0.09009009009009009,8.685714285714285,10.0,0.1,9.0
15,Adil Rashid,England,104,5.8006153846153845,3354,3511.0,49,299,6,9.36936936936937,8.628395604395605,5.625,0.0851609228140131,9.14839077185987
16,Adrian Neill,Scotland,14,5.055555555555555,342,431.0,17,36,2,1.2612612612612613,8.841269841269842,8.482142857142858,0.08352668213457076,9.164733178654291
17,Afif Hossain,Bangladesh,3,6.375,68,82.0,0,7,1,0.2702702702702703,8.464285714285714,10.0,0.08536585365853659,9.146341463414634
18,Aftab Alam,Afghanistan,25,4.596666666666667,565,711.0,15,61,9,2.2522522522522523,8.972380952380952,8.660714285714286,0.08579465541490858,9.142053445850914
19,Agha Salman,Pakistan,3,5.635,318,342.0,4,25,0,0.2702702702702703,8.675714285714285,9.642857142857142,0.07309941520467836,9.269005847953217
20,Ahmed Raza,United Arab Emirates,49,4.387894736842106,1414,1998.0,24,114,14,4.414414414414415,9.03203007518797,7.857142857142857,0.057057057057057055,9.42942942942943
21,Aiden Markram,South Africa,14,6.2035,563,606.0,13,50,0,1.2612612612612613,8.513285714285715,8.839285714285714,0.08250825082508251,9.174917491749175
22,Ainsley Ndlovu,Zimbabwe,1,4.795,80,102.0,1,10,0,0.09009009009009009,8.915714285714285,9.910714285714286,0.09803921568627451,9.019607843137255
23,Aizaz Khan,Hong Kong,4,3.9200000000000004,134,187.0,4,12,1,0.36036036036036034,9.165714285714285,9.642857142857142,0.06417112299465241,9.358288770053475
24,Ajay Lalcheta,Oman,2,4.640000000000001,62,84.0,0,7,2,0.18018018018018017,8.96,10.0,0.08333333333333333,9.166666666666666
25,Akeal Hosein,West Indies,57,4.920263157894737,1687,2090.0,42,154,12,5.135135135135135,8.879924812030076,6.25,0.07368421052631578,9.263157894736842
26,Akeem Jordan,West Indies,1,5.58,56,66.0,4,8,2,0.09009009009009009,8.69142857142857,9.642857142857142,0.12121212121212122,8.787878787878787
27,Akif Raja,United Arab Emirates,3,4.156000000000001,160,228.0,6,16,4,0.2702702702702703,9.098285714285714,9.464285714285714,0.07017543859649122,9.298245614035087
28,Akila Dananjaya,Sri Lanka,37,5.351304347826087,1036,1202.0,23,101,1,3.333333333333333,8.756770186335403,7.946428571428572,0.08402662229617304,9.15973377703827
29,Al-Amin Hossain,Bangladesh,1,8.5,85,60.0,3,12,0,0.09009009009009009,7.857142857142857,9.732142857142858,0.2,8.0
30,Alasdair Evans,Scotland,24,5.525,734,794.0,24,96,7,2.1621621621621623,8.707142857142857,7.857142857142857,0.12090680100755667,8.790931989924433
31,Alei Nao,Papua New Guinea,16,5.245294117647059,629,734.0,25,66,5,1.4414414414414414,8.787058823529412,7.767857142857143,0.08991825613079019,9.100817438692099
32,Ali Khan,United States of America,33,4.8566666666666665,542,681.0,36,60,9,2.9729729729729732,8.898095238095237,6.7857142857142865,0.0881057268722467,9.118942731277533
33,Ali Naseer,United Arab Emirates,10,5.897777777777778,396,422.0,8,52,2,0.9009009009009008,8.60063492063492,9.285714285714286,0.12322274881516587,8.767772511848342
34,Alzarri Joseph,West Indies,78,4.995957446808511,2062,2491.0,105,234,20,7.027027027027027,8.858297872340426,0.625,0.09393817743877961,9.060618225612204
35,Ambati Rayudu,India,0,3.25,13,13.0,0,2,0,0.0,9.357142857142858,10.0,0.15384615384615385,8.461538461538462
36,Amila Aponso,Sri Lanka,3,6.66,119,111.0,0,14,0,0.2702702702702703,8.382857142857143,10.0,0.12612612612612611,8.73873873873874
37,Amir Hayat,United Arab Emirates,11,4.992222222222222,382,449.0,19,40,4,0.990990990990991,8.859365079365078,8.303571428571427,0.08908685968819599,9.10913140311804
38,Anderson Phillip,West Indies,4,6.5280000000000005,207,195.0,6,24,0,0.36036036036036034,8.420571428571428,9.464285714285714,0.12307692307692308,8.76923076923077
39,Andile Phehlukwayo,South Africa,63,6.114791666666666,1913,1989.0,108,195,8,5.675675675675675,8.538630952380952,0.357142857142857,0.09803921568627451,9.019607843137255
40,Andre McCarthy,West Indies,0,5.0,10,12.0,0,1,0,0.0,8.857142857142858,10.0,0.08333333333333333,9.166666666666666
41,Andre Russell,West Indies,6,5.465999999999999,163,168.0,9,19,1,0.5405405405405406,8.724,9.196428571428571,0.1130952380952381,8.869047619047619
42,Andrew Tye,Australia,12,6.112857142857143,392,387.0,13,42,1,1.0810810810810811,8.539183673469388,8.839285714285714,0.10852713178294573,8.914728682170542
43,Andy McBrine,Ireland,60,4.50962962962963,1969,2711.0,29,187,29,5.405405405405405,8.997248677248677,7.4107142857142865,0.06897823681298414,9.31021763187016
44,Angelo Mathews,Sri Lanka,6,4.640000000000001,102,120.0,1,11,0,0.5405405405405406,8.96,9.910714285714286,0.09166666666666666,9.083333333333334
45,Angelo Perera,Sri Lanka,0,5.5,11,12.0,0,1,0,0.0,8.714285714285715,10.0,0.08333333333333333,9.166666666666666
46,Anrich Nortje,South Africa,36,5.6415,924,976.0,17,117,4,3.2432432432432434,8.673857142857143,8.482142857142858,0.11987704918032786,8.801229508196721
47,Anthony Hawkins-Kay,Jersey,1,6.44,58,54.0,6,7,0,0.09009009009009009,8.445714285714285,9.464285714285714,0.12962962962962962,8.703703703703704
48,Aqib Ilyas,Oman,20,4.736818181818181,530,702.0,8,43,4,1.8018018018018016,8.932337662337662,9.285714285714286,0.06125356125356125,9.387464387464387
49,Ariful Haque,Bangladesh,0,5.66,17,18.0,0,2,0,0.0,8.668571428571429,10.0,0.1111111111111111,8.88888888888889
50,Arshdeep Singh,India,0,6.26,89,79.0,3,13,1,0.0,8.497142857142858,9.732142857142858,0.16455696202531644,8.354430379746836
51,Aryan Dutt,Netherlands,20,5.4056,965,1118.0,4,101,11,1.8018018018018016,8.741257142857142,9.642857142857142,0.09033989266547406,9.09660107334526
52,Aryan Lakra,United Arab Emirates,6,5.940833333333334,280,318.0,4,30,4,0.5405405405405406,8.588333333333333,9.642857142857142,0.09433962264150944,9.056603773584905
53,Asa Tribe,Jersey,0,8.166666666666666,30,24.0,2,4,0,0.0,7.9523809523809526,9.821428571428571,0.16666666666666666,8.333333333333334
54,Asela Gunaratne,Sri Lanka,4,5.3759999999999994,124,132.0,1,8,0,0.36036036036036034,8.749714285714287,9.910714285714286,0.06060606060606061,9.393939393939394
55,Asghar Afghan,Afghanistan,1,1.0,1,6.0,0,0,0,0.09009009009009009,10.0,10.0,0.0,10.0
56,Ashen Bandara,Sri Lanka,0,8.0,8,6.0,0,1,0,0.0,8.0,10.0,0.16666666666666666,8.333333333333334
57,Ashfaq Ahmed,United Arab Emirates,4,6.2128571428571435,185,223.0,0,2,1,0.36036036036036034,8.51061224489796,10.0,0.008968609865470852,9.91031390134529
58,Ashley Nurse,West Indies,20,5.9188,1086,1170.0,19,101,3,1.8018018018018016,8.59462857142857,8.303571428571427,0.08632478632478632,9.136752136752136
59,Ashton Agar,Australia,16,5.124705882352941,736,864.0,6,64,4,1.4414414414414414,8.821512605042017,9.464285714285714,0.07407407407407407,9.25925925925926
60,Ashton Turner,Australia,2,4.515000000000001,60,84.0,2,5,1,0.18018018018018017,8.995714285714286,9.821428571428571,0.05952380952380952,9.404761904761905
61,Asif Ali,Pakistan,0,10.8,9,5.0,0,1,0,0.0,7.199999999999999,10.0,0.2,8.0
62,Asitha Fernando,Sri Lanka,1,6.516666666666667,180,168.0,3,22,1,0.09009009009009009,8.423809523809524,9.732142857142858,0.13095238095238096,8.69047619047619
63,Assad Vala,Papua New Guinea,41,4.422978723404255,1247,1824.0,15,99,14,3.6936936936936937,9.022006079027356,8.660714285714286,0.054276315789473686,9.457236842105264
64,Avesh Khan,India,3,5.782,214,213.0,8,29,2,0.2702702702702703,8.633714285714285,9.285714285714286,0.13615023474178403,8.63849765258216
65,Axar Patel,India,13,5.043333333333334,413,507.0,2,43,5,1.1711711711711712,8.844761904761905,9.821428571428571,0.08481262327416174,9.151873767258383
66,Ayaan Khan,Oman,27,5.1409375,938,1156.0,28,88,9,2.4324324324324325,8.816875,7.5,0.07612456747404844,9.238754325259515
67,Azmatullah Omarzai,Afghanistan,6,5.239999999999999,342,402.0,15,36,1,0.5405405405405406,8.788571428571428,8.660714285714286,0.08955223880597014,9.104477611940299
68,Badal Singh,Oman,0,7.165,70,60.0,2,8,0,0.0,8.23857142857143,9.821428571428571,0.13333333333333333,8.666666666666668
69,Barry McCarthy,Ireland,36,5.5525925925925925,1249,1356.0,53,162,10,3.2432432432432434,8.69925925925926,5.267857142857143,0.11946902654867257,8.805309734513274
70,Bas de Leede,Netherlands,24,6.234782608695652,770,777.0,45,89,2,2.1621621621621623,8.504347826086956,5.982142857142857,0.11454311454311454,8.854568854568855
71,Basant Regmi,Nepal,4,3.325,117,174.0,1,7,0,0.36036036036036034,9.335714285714285,9.910714285714286,0.040229885057471264,9.597701149425287
72,Basil Hameed,United Arab Emirates,36,4.9446666666666665,676,1012.0,15,53,11,3.2432432432432434,8.87295238095238,8.660714285714286,0.05237154150197629,9.476284584980236
73,Basir Ahamad,Nepal,2,3.28,71,111.0,0,6,0,0.18018018018018017,9.348571428571429,10.0,0.05405405405405406,9.45945945945946
74,Ben Lister,New Zealand,1,5.7,57,60.0,4,6,0,0.09009009009009009,8.657142857142857,9.642857142857142,0.1,9.0
75,Ben Shikongo,Namibia,16,6.454285714285715,540,522.0,33,74,6,1.4414414414414414,8.441632653061223,7.053571428571428,0.1417624521072797,8.582375478927203
76,Ben Stevens,Jersey,0,9.33,28,18.0,0,4,0,0.0,7.62,10.0,0.2222222222222222,7.777777777777778
77,Ben Stokes,England,21,5.905405405405405,1099,1109.0,37,108,3,1.891891891891892,8.5984555984556,6.696428571428572,0.09738503155996393,9.02614968440036
78,Ben White,Ireland,1,6.635,118,108.0,2,11,0,0.09009009009009009,8.39,9.821428571428571,0.10185185185185185,8.981481481481481
79,Benjamin Ward,Jersey,6,5.936,221,241.0,3,20,2,0.5405405405405406,8.589714285714287,9.732142857142858,0.08298755186721991,9.1701244813278
80,Bernard Scholtz,Namibia,56,3.6014634146341464,1181,2081.0,9,100,40,5.045045045045045,9.256724738675958,9.196428571428571,0.048053820278712155,9.519461797212879
81,Beuran Hendricks,South Africa,5,5.34,249,276.0,14,30,1,0.4504504504504504,8.76,8.75,0.10869565217391304,8.91304347826087
82,Bhim Sharki,Nepal,0,8.0,8,6.0,0,0,0,0.0,8.0,10.0,0.0,10.0
83,Bhuvneshwar Kumar,India,53,5.358205128205128,1693,1877.0,51,198,12,4.774774774774775,8.754798534798535,5.446428571428572,0.1054874800213106,8.945125199786894
84,Bikram Sob,Nepal,5,6.226000000000001,115,127.0,2,12,2,0.4504504504504504,8.506857142857143,9.821428571428571,0.09448818897637795,9.05511811023622
85,Bilal Khan,Oman,93,5.073409090909091,1950,2316.0,89,215,29,8.378378378378379,8.83616883116883,2.053571428571429,0.09283246977547496,9.07167530224525
86,Billy Stanlake,Australia,6,5.76,256,276.0,2,33,2,0.5405405405405406,8.64,9.821428571428571,0.11956521739130435,8.804347826086957
87,Binura Fernando,Sri Lanka,2,5.343333333333334,136,152.0,7,13,0,0.18018018018018017,8.75904761904762,9.375,0.08552631578947369,9.144736842105264
88,Bjorn Fortuin,South Africa,6,5.555,175,186.0,1,20,2,0.5405405405405406,8.698571428571428,9.910714285714286,0.10752688172043011,8.924731182795698
89,Blair Tickner,New Zealand,16,6.449999999999999,679,623.0,26,91,4,1.4414414414414414,8.442857142857143,7.678571428571428,0.14606741573033707,8.539325842696629
90,Blessing Muzarabani,Zimbabwe,53,5.196585365853658,1708,2000.0,88,197,18,4.774774774774775,8.800975609756097,2.1428571428571432,0.0985,9.015
91,Boyd Rankin,Ireland,44,4.6426923076923075,1069,1389.0,45,122,18,3.963963963963964,8.95923076923077,5.982142857142857,0.08783297336213103,9.12167026637869
92,Brad Evans,Zimbabwe,13,5.906428571428571,521,524.0,18,70,5,1.1711711711711712,8.598163265306123,8.392857142857142,0.13358778625954199,8.66412213740458
93,Brad Wheal,Scotland,16,3.9987500000000002,290,428.0,13,33,7,1.4414414414414414,9.143214285714285,8.839285714285714,0.07710280373831775,9.228971962616821
94,Brandon Glover,Netherlands,9,6.305555555555555,444,438.0,58,51,2,0.8108108108108109,8.484126984126984,4.821428571428571,0.11643835616438356,8.835616438356164
95,Brandon Mavuta,Zimbabwe,7,6.95,293,306.0,20,30,0,0.6306306306306306,8.299999999999999,8.214285714285714,0.09803921568627451,9.019607843137255
96,Brandon McMullen,Scotland,24,4.298666666666667,479,678.0,17,58,9,2.1621621621621623,9.05752380952381,8.482142857142858,0.0855457227138643,9.144542772861357
97,Brian Vitori,Zimbabwe,3,5.6325,151,171.0,11,17,0,0.2702702702702703,8.676428571428572,9.017857142857142,0.09941520467836257,9.005847953216374
98,Brydon Carse,England,12,5.882222222222222,382,406.0,12,39,0,1.0810810810810811,8.605079365079366,8.928571428571429,0.0960591133004926,9.039408866995073
99,Calum MacLeod,Scotland,3,5.251818181818182,411,474.0,25,37,2,0.2702702702702703,8.785194805194806,7.767857142857143,0.07805907172995781,9.219409282700422
100,Cameron Green,Australia,11,5.176,377,450.0,10,43,0,0.990990990990991,8.806857142857144,9.107142857142858,0.09555555555555556,9.044444444444444
101,Cameron Stevenson,United States of America,23,5.619999999999999,642,693.0,36,73,5,2.0720720720720722,8.68,6.7857142857142865,0.10533910533910534,8.946608946608947
102,Carl Mumba,Zimbabwe,7,8.251999999999999,259,210.0,9,36,0,0.6306306306306306,7.928000000000001,9.196428571428571,0.17142857142857143,8.285714285714285
103,Carlos Brathwaite,West Indies,22,6.277222222222223,769,781.0,28,89,5,1.981981981981982,8.492222222222223,7.5,0.11395646606914213,8.860435339308578
104,Cephas Zhuwao,Zimbabwe,0,36.0,6,1.0,0,1,0,0.0,0.0,10.0,1.0,0.0
105,Chad Soper,Papua New Guinea,52,4.599583333333333,1625,2205.0,51,152,30,4.684684684684685,8.97154761904762,5.446428571428572,0.06893424036281179,9.310657596371883
106,Chamika Gunasekara,Sri Lanka,0,8.0,8,6.0,1,1,0,0.0,8.0,9.910714285714286,0.16666666666666666,8.333333333333334
107,Chamika Karunaratne,Sri Lanka,24,5.601428571428571,692,725.0,32,71,3,2.1621621621621623,8.68530612244898,7.142857142857143,0.09793103448275862,9.020689655172413
108,Chamu Chibhabha,Zimbabwe,0,7.665,38,30.0,1,3,0,0.0,8.095714285714287,9.910714285714286,0.1,9.0
109,Chandrapaul Hemraj,West Indies,0,7.71,9,7.0,0,1,0,0.0,8.082857142857144,10.0,0.14285714285714285,8.571428571428573
110,Charith Asalanka,Sri Lanka,1,5.831666666666667,82,84.0,2,8,0,0.09009009009009009,8.619523809523809,9.821428571428571,0.09523809523809523,9.047619047619047
111,Charles Amini,Papua New Guinea,31,5.489512195121951,1302,1604.0,28,116,8,2.7927927927927927,8.717282229965157,7.5,0.07231920199501247,9.276807980049874
112,Charles Perchard,Jersey,9,4.84,208,270.0,6,24,3,0.8108108108108109,8.902857142857144,9.464285714285714,0.08888888888888889,9.11111111111111
113,Charlton Tshuma,Zimbabwe,1,7.5,83,66.0,1,14,1,0.09009009009009009,8.142857142857142,9.910714285714286,0.21212121212121213,7.878787878787879
114,Chemar Holder,West Indies,0,8.66,26,18.0,2,5,0,0.0,7.811428571428571,9.821428571428571,0.2777777777777778,7.222222222222222
115,Chetan Sakariya,India,2,4.25,34,48.0,3,4,0,0.18018018018018017,9.071428571428571,9.732142857142858,0.08333333333333333,9.166666666666666
116,Chris Gayle,West Indies,4,6.2188888888888885,187,202.0,10,14,0,0.36036036036036034,8.508888888888889,9.107142857142858,0.06930693069306931,9.306930693069306
117,Chris Greaves,Scotland,23,5.866315789473684,523,560.0,8,56,2,2.0720720720720722,8.609624060150376,9.285714285714286,0.1,9.0
118,Chris Jordan,England,2,6.583333333333333,139,126.0,6,15,0,0.18018018018018017,8.404761904761905,9.464285714285714,0.11904761904761904,8.80952380952381
119,Chris Morris,South Africa,15,5.521666666666667,550,592.0,12,69,5,1.3513513513513513,8.708095238095238,8.928571428571429,0.11655405405405406,8.83445945945946
120,Chris Mpofu,Zimbabwe,6,5.566,241,253.0,7,27,1,0.5405405405405406,8.695428571428572,9.375,0.1067193675889328,8.932806324110672
121,Chris Sole,Scotland,40,5.1440909090909095,973,1112.0,58,129,13,3.603603603603603,8.815974025974025,4.821428571428571,0.11600719424460432,8.839928057553957
122,Chris Woakes,England,64,5.4487499999999995,1812,2029.0,37,226,20,5.7657657657657655,8.728928571428572,6.696428571428572,0.11138491867915229,8.886150813208477
123,Christi Viljoen,Namibia,2,4.75,14,30.0,2,1,0,0.18018018018018017,8.928571428571429,9.821428571428571,0.03333333333333333,9.666666666666666
124,Christopher McBride,Scotland,3,4.761428571428572,100,132.0,13,8,0,0.2702702702702703,8.92530612244898,8.839285714285714,0.06060606060606061,9.393939393939394
125,Chundangapoyil Rizwan,United Arab Emirates,1,6.959999999999999,50,58.0,3,7,0,0.09009009009009009,8.297142857142857,9.732142857142858,0.1206896551724138,8.793103448275861
126,Clayton Floyd,Netherlands,5,5.113333333333333,305,378.0,3,29,3,0.4504504504504504,8.824761904761905,9.732142857142858,0.07671957671957672,9.232804232804233
127,Cole McConchie,New Zealand,1,5.8999999999999995,114,126.0,1,7,0,0.09009009009009009,8.6,9.910714285714286,0.05555555555555555,9.444444444444445
128,Colin Ackermann,Netherlands,4,4.725714285714285,217,264.0,3,22,1,0.36036036036036034,8.935510204081632,9.732142857142858,0.08333333333333333,9.166666666666666
129,Colin Munro,New Zealand,6,5.672499999999999,289,342.0,5,22,1,0.5405405405405406,8.665000000000001,9.553571428571429,0.06432748538011696,9.35672514619883
130,Colin de Grandhomme,New Zealand,22,5.039090909090909,843,1134.0,33,86,9,1.981981981981982,8.845974025974026,7.053571428571428,0.07583774250440917,9.241622574955908
131,Craig Overton,England,5,5.8,291,308.0,6,34,2,0.4504504504504504,8.628571428571428,9.464285714285714,0.11038961038961038,8.896103896103897
132,Craig Williams,Namibia,3,4.7780000000000005,224,288.0,8,21,0,0.2702702702702703,8.920571428571428,9.285714285714286,0.07291666666666667,9.270833333333334
133,Craig Young,Ireland,38,5.652916666666666,1132,1205.0,40,159,10,3.4234234234234235,8.670595238095238,6.428571428571428,0.13195020746887967,8.680497925311204
134,Curtis Campher,Ireland,23,6.0336,830,856.0,32,101,4,2.0720720720720722,8.56182857142857,7.142857142857143,0.11799065420560748,8.820093457943925
135,D'Arcy Short,Australia,0,8.632,114,90.0,0,11,0,0.0,7.819428571428571,10.0,0.12222222222222222,8.777777777777779
136,Dale Steyn,South Africa,16,4.091111111111111,294,435.0,8,32,3,1.4414414414414414,9.116825396825396,9.285714285714286,0.0735632183908046,9.264367816091955
137,Damien Ravu,Papua New Guinea,8,5.536428571428572,457,516.0,29,50,3,0.7207207207207207,8.703877551020408,7.4107142857142865,0.09689922480620156,9.031007751937985
138,Dane Paterson,South Africa,0,4.62,37,48.0,2,4,1,0.0,8.965714285714286,9.821428571428571,0.08333333333333333,9.166666666666666
139,Daniel Birrell,Jersey,1,5.4,54,60.0,6,6,0,0.09009009009009009,8.742857142857144,9.464285714285714,0.1,9.0
140,Danish Aziz,Pakistan,0,5.415,27,30.0,0,4,0,0.0,8.73857142857143,10.0,0.13333333333333333,8.666666666666668
141,Danushka Gunathilaka,Sri Lanka,2,5.4775,107,132.0,1,8,1,0.18018018018018017,8.720714285714287,9.910714285714286,0.06060606060606061,9.393939393939394
142,Darius D'Silva,United Arab Emirates,6,3.6979999999999995,118,186.0,8,12,3,0.5405405405405406,9.229142857142858,9.285714285714286,0.06451612903225806,9.35483870967742
143,Daryl Mitchell,New Zealand,11,5.814,213,228.0,8,24,1,0.990990990990991,8.624571428571429,9.285714285714286,0.10526315789473684,8.947368421052632
144,Daryn Dupavillon,South Africa,1,4.75,51,66.0,1,5,0,0.09009009009009009,8.928571428571429,9.910714285714286,0.07575757575757576,9.242424242424242
145,Dasun Shanaka,Sri Lanka,17,6.0200000000000005,659,696.0,22,70,3,1.5315315315315314,8.565714285714286,8.035714285714286,0.10057471264367816,8.99425287356322
146,David Payne,England,1,4.22,38,54.0,3,3,1,0.09009009009009009,9.08,9.732142857142858,0.05555555555555555,9.444444444444445
147,David Wiese,Namibia,6,5.027777777777778,370,443.0,11,46,3,0.5405405405405406,8.849206349206348,9.017857142857142,0.1038374717832957,8.961625282167043
148,David Willey,England,46,5.2867741935483865,1346,1488.0,54,157,13,4.1441441441441444,8.77520737327189,5.178571428571428,0.10551075268817205,8.94489247311828
149,Dawid Malan,England,1,7.02,17,15.0,0,2,0,0.09009009009009009,8.280000000000001,10.0,0.13333333333333333,8.666666666666668
150,Dawlat Zadran,Afghanistan,27,5.741428571428571,956,984.0,37,127,11,2.4324324324324325,8.645306122448979,6.696428571428572,0.1290650406504065,8.709349593495935
151,Deepak Chahar,India,16,5.776666666666666,489,510.0,23,64,5,1.4414414414414414,8.635238095238096,7.946428571428572,0.12549019607843137,8.745098039215687
152,Deepak Hooda,India,3,5.176666666666667,119,150.0,4,11,1,0.2702702702702703,8.806666666666667,9.642857142857142,0.07333333333333333,9.266666666666666
153,Dev Khanal,Nepal,0,6.5,20,18.0,0,4,0,0.0,8.428571428571429,10.0,0.2222222222222222,7.777777777777778
154,Devendra Bishoo,West Indies,7,5.973846153846154,617,666.0,13,62,2,0.6306306306306306,8.578901098901099,8.839285714285714,0.09309309309309309,9.06906906906907
155,Dhananjaya Lakshan,Sri Lanka,1,6.72,76,66.0,2,7,0,0.09009009009009009,8.365714285714285,9.821428571428571,0.10606060606060606,8.93939393939394
156,Dhananjaya de Silva,Sri Lanka,37,5.2202,1400,1670.0,18,113,1,3.333333333333333,8.794228571428572,8.392857142857142,0.06766467065868263,9.323353293413174
157,Dillon Heyliger,Canada,1,3.615,45,78.0,3,5,0,0.09009009009009009,9.252857142857142,9.732142857142858,0.0641025641025641,9.35897435897436
158,Dilruwan Perera,Sri Lanka,0,8.33,25,18.0,0,3,0,0.0,7.905714285714286,10.0,0.16666666666666666,8.333333333333334
159,Dilshan Madushanka,Sri Lanka,10,4.9383333333333335,221,264.0,16,25,1,0.9009009009009008,8.874761904761906,8.571428571428573,0.0946969696969697,9.053030303030303
160,Dimuth Karunaratne,Sri Lanka,0,7.0,7,6.0,0,1,0,0.0,8.285714285714285,10.0,0.16666666666666666,8.333333333333334
161,Dion Myers,Zimbabwe,1,6.5,13,12.0,0,2,0,0.09009009009009009,8.428571428571429,10.0,0.16666666666666666,8.333333333333334
162,Dipendra Singh Airee,Nepal,36,3.978181818181818,1143,1766.0,7,85,17,3.2432432432432434,9.149090909090908,9.375,0.04813137032842582,9.518686296715742
163,Divan la Cock,Namibia,0,4.5,9,12.0,0,1,0,0.0,9.0,10.0,0.08333333333333333,9.166666666666666
164,Dominic Blampied,Jersey,0,6.1933333333333325,77,78.0,1,6,1,0.0,8.516190476190475,9.910714285714286,0.07692307692307693,9.230769230769232
165,Dominic Drakes,West Indies,2,3.6900000000000004,54,90.0,9,5,2,0.18018018018018017,9.231428571428571,9.196428571428571,0.05555555555555555,9.444444444444445
166,Donald Tiripano,Zimbabwe,22,5.828695652173913,1009,1029.0,46,120,6,1.981981981981982,8.620372670807454,5.892857142857143,0.11661807580174927,8.833819241982507
167,Doug Bracewell,New Zealand,4,4.808,178,222.0,10,22,3,0.36036036036036034,8.911999999999999,9.107142857142858,0.0990990990990991,9.00900900900901
168,Duanne Olivier,South Africa,3,6.48,124,114.0,3,16,0,0.2702702702702703,8.434285714285714,9.732142857142858,0.14035087719298245,8.596491228070175
169,Dunith Wellalage,Sri Lanka,9,5.99625,303,306.0,4,31,0,0.8108108108108109,8.572500000000002,9.642857142857142,0.10130718954248366,8.986928104575163
170,Dushan Hemantha,Sri Lanka,2,5.225,99,114.0,2,7,0,0.18018018018018017,8.792857142857143,9.821428571428571,0.06140350877192982,9.385964912280702
171,Dushmantha Chameera,Sri Lanka,39,5.031153846153846,1054,1230.0,38,123,9,3.5135135135135136,8.848241758241759,6.607142857142857,0.1,9.0
172,Dwaine Pretorius,South Africa,18,5.469285714285713,486,578.0,4,51,5,1.6216216216216217,8.723061224489797,9.642857142857142,0.08823529411764706,9.117647058823529
173,Dylan Budge,Scotland,1,4.7325,111,150.0,2,7,0,0.09009009009009009,8.933571428571428,9.821428571428571,0.04666666666666667,9.533333333333333
174,Ebadot Hossain,Bangladesh,22,5.485454545454545,504,540.0,22,59,4,1.981981981981982,8.718441558441558,8.035714285714286,0.10925925925925926,8.907407407407407
175,Ehsan Khan,Hong Kong,15,4.773333333333333,255,318.0,5,27,0,1.3513513513513513,8.921904761904763,9.553571428571429,0.08490566037735849,9.150943396226415
176,Ehsan Nawaz,Hong Kong,8,5.8,255,264.0,11,29,2,0.7207207207207207,8.628571428571428,9.017857142857142,0.10984848484848485,8.901515151515152
177,Elliot Miles,Jersey,4,5.7925,165,174.0,2,19,1,0.36036036036036034,8.630714285714285,9.821428571428571,0.10919540229885058,8.908045977011493
178,Elmore Hutchinson,United States of America,4,4.5329999999999995,226,312.0,8,25,3,0.36036036036036034,8.990571428571428,9.285714285714286,0.08012820512820513,9.198717948717949
179,Fabian Allen,West Indies,7,5.886666666666667,627,666.0,0,55,0,0.6306306306306306,8.603809523809524,10.0,0.08258258258258258,9.174174174174174
180,Faheem Ashraf,Pakistan,21,5.12074074074074,1001,1152.0,17,112,8,1.891891891891892,8.822645502645504,8.482142857142858,0.09722222222222222,9.027777777777779
181,Fakhar Zaman,Pakistan,1,3.9299999999999997,86,114.0,0,7,0,0.09009009009009009,9.162857142857142,10.0,0.06140350877192982,9.385964912280702
182,Fareed Ahmad,Afghanistan,14,4.86,312,402.0,12,31,4,1.2612612612612613,8.897142857142857,8.928571428571429,0.07711442786069651,9.228855721393035
183,Fayyaz Butt,Oman,28,5.945652173913044,988,1005.0,31,112,4,2.5225225225225225,8.58695652173913,7.232142857142857,0.11144278606965174,8.885572139303482
184,Fazalhaq Farooqi,Afghanistan,27,5.115,610,721.0,34,81,8,2.4324324324324325,8.824285714285715,6.9642857142857135,0.11234396671289876,8.876560332871012
185,Fazle Mahmud,Bangladesh,0,5.33,16,18.0,2,1,0,0.0,8.762857142857143,9.821428571428571,0.05555555555555555,9.444444444444445
186,Fred Klaassen,Netherlands,32,4.353684210526316,753,1047.0,48,74,12,2.8828828828828827,9.041804511278196,5.7142857142857135,0.07067812798471824,9.293218720152817
187,Gajanand Singh,United States of America,6,6.037999999999999,95,113.0,0,11,1,0.5405405405405406,8.560571428571428,10.0,0.09734513274336283,9.02654867256637
188,Gareth Delany,Ireland,7,6.986923076923077,410,390.0,4,41,0,0.6306306306306306,8.28945054945055,9.642857142857142,0.10512820512820513,8.948717948717949
189,Gaudi Toka,Papua New Guinea,3,6.284000000000001,110,99.0,3,14,2,0.2702702702702703,8.490285714285715,9.732142857142858,0.1414141414141414,8.585858585858585
190,Gavin Main,Scotland,30,5.261428571428572,569,649.0,27,71,10,2.7027027027027026,8.782448979591837,7.5892857142857135,0.10939907550077041,8.906009244992296
191,George Dockrell,Ireland,24,6.0215625,1105,1206.0,26,112,4,2.1621621621621623,8.565267857142857,7.678571428571428,0.09286898839137644,9.071310116086234
192,George Linde,South Africa,3,5.6,72,90.0,1,5,1,0.2702702702702703,8.685714285714285,9.910714285714286,0.05555555555555555,9.444444444444445
193,Gerald Coetzee,South Africa,5,5.5,110,120.0,5,11,0,0.4504504504504504,8.714285714285715,9.553571428571429,0.09166666666666666,9.083333333333334
194,Gerhard Erasmus,Namibia,20,4.849230769230769,597,821.0,18,56,5,1.8018018018018016,8.90021978021978,8.392857142857142,0.0682095006090134,9.317904993909865
195,Glenn Maxwell,Australia,15,5.938750000000001,1272,1360.0,21,108,4,1.3513513513513513,8.588928571428571,8.125,0.07941176470588235,9.205882352941178
196,Glenn Phillips,New Zealand,5,6.665,131,120.0,3,14,0,0.4504504504504504,8.381428571428572,9.732142857142858,0.11666666666666667,8.833333333333332
197,Graeme Cremer,Zimbabwe,25,4.542,606,822.0,9,59,4,2.2522522522522523,8.988,9.196428571428571,0.07177615571776155,9.282238442822385
198,Graham Hume,Ireland,11,6.1975,351,348.0,7,41,0,0.990990990990991,8.515,9.375,0.11781609195402298,8.821839080459771
199,Gudakesh Motie,West Indies,8,3.6950000000000003,134,220.0,3,16,4,0.7207207207207207,9.23,9.732142857142858,0.07272727272727272,9.272727272727273
200,Gulbadin Naib,Afghanistan,41,5.72390243902439,1535,1627.0,51,156,4,3.6936936936936937,8.650313588850175,5.446428571428572,0.0958819913952059,9.041180086047941
201,Gulsan Jha,Nepal,21,7.4123809523809525,694,668.0,44,89,2,1.891891891891892,8.167891156462586,6.071428571428572,0.13323353293413173,8.667664670658683
202,Gyanendra Malla,Nepal,1,7.5,18,18.0,1,2,0,0.09009009009009009,8.142857142857142,9.910714285714286,0.1111111111111111,8.88888888888889
203,Hamid Hassan,Afghanistan,3,4.8500000000000005,177,216.0,6,20,4,0.2702702702702703,8.9,9.464285714285714,0.09259259259259259,9.074074074074074
204,Hamilton Masakadza,Zimbabwe,1,5.773333333333333,46,42.0,0,6,0,0.09009009009009009,8.636190476190476,10.0,0.14285714285714285,8.571428571428573
205,Hamish Bennett,New Zealand,6,6.846666666666667,199,174.0,10,23,1,0.5405405405405406,8.32952380952381,9.107142857142858,0.13218390804597702,8.678160919540229
206,Hamza Tahir,Scotland,40,4.624666666666667,1033,1454.0,17,80,7,3.603603603603603,8.964380952380953,8.482142857142858,0.055020632737276476,9.449793672627235
207,Hardik Pandya,India,37,5.998684210526315,1469,1556.0,58,151,8,3.333333333333333,8.571804511278195,4.821428571428571,0.09704370179948586,9.029562982005142
208,Haris Rauf,Pakistan,39,5.804090909090909,1103,1131.0,32,126,7,3.5135135135135136,8.627402597402599,7.142857142857143,0.11140583554376658,8.885941644562333
209,Haris Sohail,Pakistan,2,6.4575,169,186.0,0,16,0,0.18018018018018017,8.440714285714286,10.0,0.08602150537634409,9.139784946236558
210,Harishankar Shah,Nepal,0,8.15,55,60.0,0,9,1,0.0,7.957142857142857,10.0,0.15,8.5
211,Harrison Carlyon,Jersey,2,4.8925,141,180.0,3,13,2,0.18018018018018017,8.887857142857143,9.732142857142858,0.07222222222222222,9.277777777777779
212,Harry Tector,Ireland,2,6.3,167,156.0,6,16,0,0.18018018018018017,8.485714285714286,9.464285714285714,0.10256410256410256,8.974358974358974
213,Harsh Thaker,Canada,6,3.432,144,258.0,2,10,3,0.5405405405405406,9.305142857142858,9.821428571428571,0.03875968992248062,9.612403100775195
214,Hasan Ali,Pakistan,35,6.283125,1653,1580.0,52,192,6,3.153153153153153,8.490535714285715,5.357142857142857,0.12151898734177215,8.784810126582279
215,Hasan Mahmud,Bangladesh,20,5.675,507,549.0,19,71,4,1.8018018018018016,8.664285714285715,8.303571428571427,0.12932604735883424,8.706739526411658
216,Hayden Walsh,United States of America,0,9.0,9,6.0,0,1,0,0.0,7.714285714285714,10.0,0.16666666666666666,8.333333333333334
217,Hayden Walsh,West Indies,28,5.690952380952381,882,982.0,22,84,1,2.5225225225225225,8.659727891156463,8.035714285714286,0.0855397148676171,9.144602851323828
218,Hazrat Bilal,United Arab Emirates,8,4.577142857142857,212,270.0,10,28,4,0.7207207207207207,8.97795918367347,9.107142857142858,0.1037037037037037,8.962962962962962
219,Heinrich Klaasen,South Africa,0,6.665,33,30.0,0,3,0,0.0,8.381428571428572,10.0,0.1,9.0
220,Henry Shipley,New Zealand,15,5.46625,359,387.0,17,47,4,1.3513513513513513,8.723928571428573,8.482142857142858,0.12144702842377261,8.785529715762273
221,Hiri Hiri,Papua New Guinea,3,6.332,83,84.0,1,8,0,0.2702702702702703,8.476571428571429,9.910714285714286,0.09523809523809523,9.047619047619047
222,Hussain Talat,Pakistan,0,8.0,16,12.0,1,2,0,0.0,8.0,9.910714285714286,0.16666666666666666,8.333333333333334
223,Ian Holland,United States of America,19,4.751428571428571,466,628.0,10,50,6,1.7117117117117118,8.928163265306123,9.107142857142858,0.07961783439490445,9.203821656050955
224,Iftikhar Ahmed,Pakistan,7,6.055,285,312.0,2,31,4,0.6306306306306306,8.555714285714286,9.821428571428571,0.09935897435897435,9.006410256410257
225,Ihsanullah,Pakistan,0,7.5,60,48.0,1,8,0,0.0,8.142857142857142,9.910714285714286,0.16666666666666666,8.333333333333334
226,Imad Wasim,Pakistan,16,5.426521739130435,1012,1140.0,26,89,4,1.4414414414414414,8.73527950310559,7.678571428571428,0.0780701754385965,9.219298245614034
227,Imran Haider,United Arab Emirates,16,6.542307692307692,566,571.0,13,55,4,1.4414414414414414,8.416483516483517,8.839285714285714,0.09632224168126094,9.03677758318739
228,Imran Tahir,South Africa,35,4.7204,1023,1312.0,11,91,8,3.153153153153153,8.937028571428572,9.017857142857142,0.06935975609756098,9.30640243902439
229,Innocent Kaia,Zimbabwe,0,6.5,22,28.0,0,1,0,0.0,8.428571428571429,10.0,0.03571428571428571,9.642857142857142
230,Ish Sodhi,New Zealand,36,5.5888888888888895,1320,1419.0,20,114,7,3.2432432432432434,8.688888888888888,8.214285714285714,0.080338266384778,9.196617336152219
231,Isuru Udana,Sri Lanka,18,6.502105263157894,866,837.0,27,95,2,1.6216216216216217,8.42796992481203,7.5892857142857135,0.1135005973715651,8.864994026284348
232,JJ Smit,Namibia,35,4.3052,777,1104.0,28,80,14,3.153153153153153,9.055657142857143,7.5,0.07246376811594203,9.27536231884058
233,JJ Smuts,South Africa,4,5.3325,164,180.0,0,13,1,0.36036036036036034,8.762142857142857,10.0,0.07222222222222222,9.277777777777779
234,Jack Jarvis,Scotland,0,7.0,71,60.0,1,11,0,0.0,8.285714285714285,9.910714285714286,0.18333333333333332,8.166666666666666
235,Jacob Duffy,New Zealand,7,7.516666666666667,204,160.0,13,30,1,0.6306306306306306,8.138095238095238,8.839285714285714,0.1875,8.125
236,Jake Ball,England,0,5.8,87,90.0,2,13,0,0.0,8.628571428571428,9.821428571428571,0.14444444444444443,8.555555555555557
237,James Cameron-Dow,Ireland,5,4.36,115,162.0,2,11,0,0.4504504504504504,9.040000000000001,9.821428571428571,0.06790123456790123,9.320987654320987
238,James Neesham,New Zealand,35,5.9716129032258065,1106,1171.0,46,126,4,3.153153153153153,8.579539170506912,5.892857142857143,0.107600341588386,8.923996584116141
239,James Vince,England,1,5.58,38,42.0,1,4,0,0.09009009009009009,8.69142857142857,9.910714285714286,0.09523809523809523,9.047619047619047
240,Jan Frylinck,Namibia,34,4.414074074074074,855,1179.0,37,79,19,3.063063063063063,9.024550264550264,6.696428571428572,0.06700593723494487,9.32994062765055
241,Jan Nicol Loftie-Eaton,Namibia,10,4.843125,285,338.0,6,28,2,0.9009009009009008,8.901964285714286,9.464285714285714,0.08284023668639054,9.171597633136095
242,Jan-Izak de Villiers,Namibia,2,6.625,66,57.0,4,9,0,0.18018018018018017,8.392857142857142,9.642857142857142,0.15789473684210525,8.421052631578947
243,Jaskaran Malhotra,United States of America,2,3.3525,67,102.0,2,3,0,0.18018018018018017,9.327857142857143,9.821428571428571,0.029411764705882353,9.705882352941176
244,Jason Behrendorff,Australia,16,5.325,568,645.0,11,66,7,1.4414414414414414,8.764285714285714,9.017857142857142,0.10232558139534884,8.976744186046512
245,Jason Holder,West Indies,68,5.8872307692307695,2861,3082.0,88,355,28,6.126126126126126,8.603648351648353,2.1428571428571432,0.11518494484101233,8.848150551589878
246,Jason Kila,Papua New Guinea,6,7.23,200,229.0,10,24,4,0.5405405405405406,8.219999999999999,9.107142857142858,0.10480349344978165,8.951965065502183
247,Jason Mohammed,West Indies,8,4.327,224,308.0,2,16,1,0.7207207207207207,9.049428571428571,9.821428571428571,0.05194805194805195,9.48051948051948
248,Jasprit Bumrah,India,65,4.447317073170732,1668,2200.0,47,186,26,5.8558558558558556,9.015052264808363,5.803571428571428,0.08454545454545455,9.154545454545454
249,Jatinder Singh,Oman,1,5.333333333333333,37,42.0,1,3,0,0.09009009009009009,8.761904761904763,9.910714285714286,0.07142857142857142,9.285714285714286
250,Javed Ahmadi,Afghanistan,2,5.48,88,111.0,0,7,0,0.18018018018018017,8.72,10.0,0.06306306306306306,9.36936936936937
251,Jay Odedra,Oman,10,4.753333333333334,258,348.0,8,25,2,0.9009009009009008,8.927619047619048,9.285714285714286,0.07183908045977011,9.281609195402298
252,Jayant Yadav,India,0,5.3,53,60.0,2,4,0,0.0,8.77142857142857,9.821428571428571,0.06666666666666667,9.333333333333334
253,Jayden Seales,West Indies,4,5.998571428571429,321,331.0,11,38,3,0.36036036036036034,8.571836734693877,9.017857142857142,0.1148036253776435,8.851963746223564
254,Jean-Paul Duminy,South Africa,6,6.10875,377,396.0,6,36,1,0.5405405405405406,8.540357142857143,9.464285714285714,0.09090909090909091,9.09090909090909
255,Jeevan Mendis,Sri Lanka,0,7.406666666666666,70,67.0,3,4,0,0.0,8.16952380952381,9.732142857142858,0.05970149253731343,9.402985074626866
256,Jeffrey Vandersay,Sri Lanka,15,5.544444444444444,372,409.0,6,37,3,1.3513513513513513,8.7015873015873,9.464285714285714,0.09046454767726161,9.095354523227384
257,Jeremy Gordon,Canada,12,5.046,202,248.0,18,19,1,1.0810810810810811,8.844,8.392857142857142,0.07661290322580645,9.233870967741936
258,Jessy Singh,United States of America,25,5.21625,947,1074.0,32,105,10,2.2522522522522523,8.795357142857142,7.142857142857143,0.09776536312849161,9.022346368715084
259,Jhye Richardson,Australia,27,5.890666666666666,793,810.0,15,106,11,2.4324324324324325,8.602666666666668,8.660714285714286,0.1308641975308642,8.691358024691358
260,Joe Denly,England,1,6.5075,101,102.0,2,8,0,0.09009009009009009,8.426428571428572,9.821428571428571,0.0784313725490196,9.215686274509805
261,Joe Root,England,7,7.405789473684211,462,461.0,8,41,0,0.6306306306306306,8.169774436090226,9.285714285714286,0.08893709327548807,9.11062906724512
262,Jofra Archer,England,41,4.819,907,1115.0,43,99,12,3.6936936936936937,8.908857142857142,6.1607142857142865,0.08878923766816144,9.112107623318387
263,John Campbell,West Indies,0,13.0,13,6.0,0,2,0,0.0,6.571428571428571,10.0,0.3333333333333333,6.666666666666668
264,John Kariko,Papua New Guinea,5,5.623333333333334,114,126.0,4,9,0,0.4504504504504504,8.67904761904762,9.642857142857142,0.07142857142857142,9.285714285714286
265,John Reva,Papua New Guinea,0,6.0,18,18.0,0,3,0,0.0,8.571428571428573,10.0,0.16666666666666666,8.333333333333334
266,Jonathan Carter,West Indies,1,9.5,19,12.0,0,2,0,0.09009009009009009,7.571428571428571,10.0,0.16666666666666666,8.333333333333334
267,Josh Davey,Scotland,2,3.87,68,102.0,1,3,0,0.18018018018018017,9.18,9.910714285714286,0.029411764705882353,9.705882352941176
268,Josh Hazlewood,Australia,44,4.323870967741935,1239,1674.0,25,145,26,3.963963963963964,9.050322580645162,7.767857142857143,0.08661887694145759,9.133811230585424
269,Josh Little,Ireland,48,6.012758620689655,1520,1535.0,65,189,9,4.324324324324325,8.567783251231527,4.196428571428571,0.12312703583061889,8.768729641693811
270,Julius Sumerauer,Jersey,11,5.004,245,294.0,17,32,5,0.990990990990991,8.856,8.482142857142858,0.10884353741496598,8.91156462585034
271,Junaid Khan,Pakistan,13,5.493,469,492.0,11,56,5,1.1711711711711712,8.716285714285714,9.017857142857142,0.11382113821138211,8.86178861788618
272,Junaid Siddique,United Arab Emirates,60,5.084761904761905,1657,1982.0,93,201,25,5.405405405405405,8.832925170068027,1.696428571428571,0.10141271442986882,8.985872855701311
273,Junior Dala,South Africa,1,7.165,121,102.0,6,15,0,0.09009009009009009,8.23857142857143,9.464285714285714,0.14705882352941177,8.529411764705882
274,Kabua Morea,Papua New Guinea,22,6.131764705882353,575,732.0,31,55,7,1.981981981981982,8.533781512605042,7.232142857142857,0.07513661202185792,9.248633879781421
275,Kagiso Rabada,South Africa,65,4.9565909090909095,1960,2362.0,87,232,27,5.8558558558558556,8.869545454545454,2.2321428571428568,0.09822184589331075,9.017781541066892
276,Kaleem Sana,Canada,7,4.928,207,252.0,15,22,5,0.6306306306306306,8.877714285714285,8.660714285714286,0.0873015873015873,9.126984126984127
277,Kaleemullah,Oman,34,4.529473684210527,1271,1710.0,27,160,25,3.063063063063063,8.99157894736842,7.5892857142857135,0.0935672514619883,9.064327485380117
278,Kamal Airee,Nepal,2,5.823333333333333,109,114.0,6,14,0,0.18018018018018017,8.621904761904762,9.464285714285714,0.12280701754385964,8.771929824561404
279,Kamindu Mendis,Sri Lanka,2,6.965999999999999,151,150.0,2,17,0,0.18018018018018017,8.295428571428571,9.821428571428571,0.11333333333333333,8.866666666666667
280,Kane Richardson,Australia,18,6.0840000000000005,542,533.0,11,69,2,1.6216216216216217,8.547428571428572,9.017857142857142,0.1294559099437148,8.705440900562852
281,Kane Williamson,New Zealand,4,4.573333333333333,135,198.0,1,7,0,0.36036036036036034,8.979047619047618,9.910714285714286,0.03535353535353535,9.646464646464647
282,Karan KC,Nepal,73,5.379565217391304,1771,2024.0,60,236,26,6.576576576576577,8.748695652173913,4.642857142857143,0.116600790513834,8.83399209486166
283,Karima Gore,United States of America,13,4.690625,406,552.0,7,36,9,1.1711711711711712,8.945535714285715,9.375,0.06521739130434782,9.347826086956522
284,Karl Birkenstock,Namibia,5,6.323636363636364,264,246.0,9,28,0,0.4504504504504504,8.478961038961039,9.196428571428571,0.11382113821138211,8.86178861788618
285,Karthik Meiyappan,United Arab Emirates,37,6.296129032258064,1114,1208.0,20,108,6,3.333333333333333,8.486820276497696,8.214285714285714,0.08940397350993377,9.105960264900663
286,Kashif Daud,United Arab Emirates,16,4.191052631578947,482,663.0,13,46,10,1.4414414414414414,9.08827067669173,8.839285714285714,0.0693815987933635,9.306184012066366
287,Kashyap Prajapati,Oman,0,3.0,1,2.0,0,0,0,0.0,9.428571428571429,10.0,0.0,10.0
288,Kasun Rajitha,Sri Lanka,31,5.7558333333333325,1050,1065.0,50,150,4,2.7927927927927927,8.641190476190477,5.5357142857142865,0.14084507042253522,8.591549295774648
289,Kavem Hodge,West Indies,2,8.303333333333333,103,96.0,1,14,0,0.18018018018018017,7.913333333333333,9.910714285714286,0.14583333333333334,8.541666666666666
290,Keacy Carty,West Indies,0,7.0,28,25.0,2,4,0,0.0,8.285714285714285,9.821428571428571,0.16,8.4
291,Kedar Jadhav,India,11,6.1747826086956525,538,630.0,9,48,1,0.990990990990991,8.521490683229814,9.196428571428571,0.0761904761904762,9.238095238095239
292,Keemo Paul,West Indies,34,6.013448275862069,1238,1253.0,66,143,4,3.063063063063063,8.567586206896552,4.107142857142857,0.11412609736632083,8.858739026336792
293,Kemar Roach,West Indies,26,5.568076923076924,1093,1212.0,37,131,13,2.3423423423423424,8.694835164835164,6.696428571428572,0.10808580858085809,8.91914191419142
294,Keon Harding,West Indies,0,8.8,88,60.0,9,10,0,0.0,7.771428571428571,9.196428571428571,0.16666666666666666,8.333333333333334
295,Keshav Maharaj,South Africa,25,4.852173913043478,939,1194.0,11,69,5,2.2522522522522523,8.899378881987577,9.017857142857142,0.05778894472361809,9.422110552763819
296,Kesrick Williams,West Indies,5,5.445,87,96.0,5,9,0,0.4504504504504504,8.73,9.553571428571429,0.09375,9.0625
297,Kevin O'Brien,Ireland,14,5.54,537,647.0,19,55,5,1.2612612612612613,8.702857142857143,8.303571428571427,0.08500772797527048,9.149922720247295
298,Kevin Sinclair,West Indies,11,4.425714285714286,282,381.0,7,23,1,0.990990990990991,9.021224489795918,9.375,0.06036745406824147,9.396325459317584
299,Khaleel Ahmed,India,15,5.642,438,462.0,16,54,2,1.3513513513513513,8.673714285714286,8.571428571428573,0.11688311688311688,8.831168831168831
300,Khary Pierre,West Indies,1,6.1499999999999995,158,156.0,3,16,0,0.09009009009009009,8.528571428571428,9.732142857142858,0.10256410256410256,8.974358974358974
301,Khawar Ali,Oman,42,4.945454545454545,1261,1583.0,32,96,6,3.783783783783784,8.872727272727273,7.142857142857143,0.060644346178142766,9.393556538218572
302,Khushdil Shah,Pakistan,2,7.333333333333333,122,108.0,1,11,0,0.18018018018018017,8.19047619047619,9.910714285714286,0.10185185185185185,8.981481481481481
303,Kieron Pollard,West Indies,5,5.684166666666667,205,231.0,8,17,0,0.4504504504504504,8.661666666666667,9.285714285714286,0.0735930735930736,9.264069264069263
304,Kinchit Shah,Hong Kong,7,3.665,49,74.0,0,2,0,0.6306306306306306,9.238571428571428,10.0,0.02702702702702703,9.72972972972973
305,Kishore Mahato,Nepal,2,6.25,76,78.0,7,8,1,0.18018018018018017,8.5,9.375,0.10256410256410256,8.974358974358974
306,Krishnappa Gowtham,India,1,6.12,49,48.0,2,6,0,0.09009009009009009,8.537142857142857,9.821428571428571,0.125,8.75
307,Krunal Pandya,India,2,6.474000000000001,223,228.0,6,19,1,0.18018018018018017,8.436,9.464285714285714,0.08333333333333333,9.166666666666666
308,Kuldeep Sen,India,2,7.4,37,30.0,3,4,0,0.18018018018018017,8.17142857142857,9.732142857142858,0.13333333333333333,8.666666666666668
309,Kuldeep Yadav,India,111,5.306969696969697,3135,3552.0,33,291,15,10.0,8.76943722943723,7.053571428571428,0.08192567567567567,9.180743243243244
310,Kushal Bhurtel,Nepal,4,6.682222222222222,166,186.0,9,16,1,0.36036036036036034,8.376507936507936,9.196428571428571,0.08602150537634409,9.139784946236558
311,Kushal Malla,Nepal,18,4.988636363636363,593,768.0,7,50,6,1.6216216216216217,8.86038961038961,9.375,0.06510416666666667,9.348958333333334
312,Kyle Coetzer,Scotland,1,3.5233333333333334,50,91.0,1,3,2,0.09009009009009009,9.279047619047619,9.910714285714286,0.03296703296703297,9.67032967032967
313,Kyle Jamieson,New Zealand,11,4.365,296,412.0,15,33,6,0.990990990990991,9.038571428571428,8.660714285714286,0.08009708737864078,9.199029126213592
314,Kyle Jarvis,Zimbabwe,31,4.672,867,1145.0,20,109,14,2.7927927927927927,8.950857142857142,8.214285714285714,0.09519650655021834,9.048034934497815
315,Kyle Mayers,West Indies,14,5.933999999999999,583,626.0,20,65,3,1.2612612612612613,8.590285714285715,8.214285714285714,0.10383386581469649,8.961661341853036
316,Kyle Phillip,United States of America,6,6.164,245,243.0,29,28,2,0.5405405405405406,8.524571428571427,7.4107142857142865,0.11522633744855967,8.847736625514402
317,Lahiru Kumara,Sri Lanka,30,6.080454545454546,885,885.0,28,119,4,2.7027027027027026,8.548441558441558,7.5,0.1344632768361582,8.655367231638419
318,Lakshan Sandakan,Sri Lanka,16,6.380000000000001,1049,1042.0,33,101,3,1.4414414414414414,8.462857142857143,7.053571428571428,0.09692898272552783,9.03071017274472
319,Lalit Bhandari,Nepal,2,4.77,43,54.0,2,4,0,0.18018018018018017,8.922857142857143,9.821428571428571,0.07407407407407407,9.25925925925926
320,Lalit Rajbanshi,Nepal,28,3.812941176470588,499,840.0,2,49,10,2.5225225225225225,9.196302521008404,9.821428571428571,0.058333333333333334,9.416666666666666
321,Lasith Malinga,Sri Lanka,37,5.758095238095239,1018,1076.0,57,114,10,3.333333333333333,8.640544217687076,4.9107142857142865,0.10594795539033457,8.940520446096654
322,Lega Siaka,Papua New Guinea,2,5.41125,123,156.0,2,11,0,0.18018018018018017,8.739642857142858,9.821428571428571,0.07051282051282051,9.294871794871796
323,Lewis Gregory,England,4,4.75,97,114.0,4,12,1,0.36036036036036034,8.928571428571429,9.642857142857142,0.10526315789473684,8.947368421052632
324,Liam Dawson,England,3,5.7825,214,216.0,1,18,0,0.2702702702702703,8.633571428571429,9.910714285714286,0.08333333333333333,9.166666666666666
325,Liam Livingstone,England,6,5.626666666666666,136,144.0,2,11,1,0.5405405405405406,8.678095238095239,9.821428571428571,0.0763888888888889,9.23611111111111
326,Liam Plunkett,England,38,5.8844,1081,1107.0,52,111,2,3.4234234234234235,8.604457142857143,5.357142857142857,0.1002710027100271,8.997289972899729
327,Liam Roche,Zimbabwe,2,6.846666666666667,157,138.0,4,16,1,0.18018018018018017,8.32952380952381,9.642857142857142,0.11594202898550725,8.840579710144928
328,Lizaad Williams,South Africa,1,7.75,62,48.0,6,7,0,0.09009009009009009,8.071428571428571,9.464285714285714,0.14583333333333334,8.541666666666666
329,Lockie Ferguson,New Zealand,72,5.501666666666667,2118,2292.0,104,259,8,6.486486486486487,8.713809523809523,0.714285714285714,0.11300174520069808,8.86998254799302
330,Logan van Beek,Netherlands,34,5.3228,1136,1288.0,60,130,14,3.063063063063063,8.764914285714285,4.642857142857143,0.10093167701863354,8.990683229813666
331,Luke Jongwe,Zimbabwe,13,6.073571428571428,484,468.0,31,49,1,1.1711711711711712,8.550408163265306,7.232142857142857,0.1047008547008547,8.952991452991453
332,Luke Wood,England,0,5.9,59,60.0,1,8,0,0.0,8.6,9.910714285714286,0.13333333333333333,8.666666666666668
333,Lungi Ngidi,South Africa,73,5.720697674418605,2004,2082.0,58,263,19,6.576576576576577,8.651229235880399,4.821428571428571,0.12632084534101826,8.736791546589817
334,Lutho Sipamla,South Africa,2,5.885,172,182.0,7,20,1,0.18018018018018017,8.604285714285714,9.375,0.10989010989010989,8.901098901098901
335,Mahedi Hasan,Bangladesh,2,4.533333333333334,105,138.0,1,9,1,0.18018018018018017,8.99047619047619,9.910714285714286,0.06521739130434782,9.347826086956522
336,Maheesh Theekshana,Sri Lanka,36,4.38909090909091,799,1104.0,20,69,8,3.2432432432432434,9.031688311688312,8.214285714285714,0.0625,9.375
337,Mahmudullah,Bangladesh,12,6.314642857142857,533,571.0,13,48,0,1.0810810810810811,8.4815306122449,8.839285714285714,0.0840630472854641,9.159369527145358
338,Mahuru Dai,Papua New Guinea,1,4.195,124,180.0,3,12,2,0.09009009009009009,9.087142857142856,9.732142857142858,0.06666666666666667,9.333333333333334
339,Malcolm Waller,Zimbabwe,0,5.45,51,60.0,2,3,0,0.0,8.72857142857143,9.821428571428571,0.05,9.5
340,Marco Jansen,South Africa,10,5.8933333333333335,457,470.0,23,56,4,0.9009009009009008,8.601904761904763,7.946428571428572,0.11914893617021277,8.808510638297873
341,Marcus Stoinis,Australia,35,6.075555555555555,1414,1430.0,35,142,3,3.153153153153153,8.54984126984127,6.875,0.0993006993006993,9.006993006993007
342,Mark Adair,Ireland,52,6.027297297297297,1710,1750.0,102,220,15,4.684684684684685,8.563629343629344,0.892857142857143,0.12571428571428572,8.742857142857144
343,Mark Watt,Scotland,79,4.164615384615384,1951,2790.0,39,169,39,7.117117117117116,9.095824175824177,6.517857142857143,0.06057347670250896,9.39426523297491
344,Mark Wood,England,50,5.465897435897436,1794,1978.0,62,207,12,4.504504504504505,8.724029304029305,4.4642857142857135,0.10465116279069768,8.953488372093023
345,Marlon Samuels,West Indies,4,6.548571428571429,154,166.0,1,14,1,0.36036036036036034,8.41469387755102,9.910714285714286,0.08433734939759036,9.156626506024097
346,Marnus Labuschagne,Australia,2,7.308888888888889,197,185.0,1,20,1,0.18018018018018017,8.197460317460317,9.910714285714286,0.10810810810810811,8.91891891891892
347,Mashrafe Mortaza,Bangladesh,38,5.482631578947369,1606,1804.0,31,166,9,3.4234234234234235,8.719248120300753,7.232142857142857,0.09201773835920177,9.079822616407982
348,Matheesha Pathirana,Sri Lanka,4,6.225,161,149.0,23,14,1,0.36036036036036034,8.507142857142858,7.946428571428572,0.09395973154362416,9.060402684563758
349,Matiullah Khan,United Arab Emirates,1,7.4,37,30.0,1,5,0,0.09009009009009009,8.17142857142857,9.910714285714286,0.16666666666666666,8.333333333333334
350,Matt Henry,New Zealand,63,4.7700000000000005,1636,2050.0,29,209,37,5.675675675675675,8.922857142857142,7.4107142857142865,0.10195121951219512,8.980487804878049
351,Matt Parkinson,England,5,5.6375,188,196.0,2,18,0,0.4504504504504504,8.674999999999999,9.821428571428571,0.09183673469387756,9.081632653061224
352,Matthew Humphreys,Ireland,0,9.0,36,24.0,1,6,0,0.0,7.714285714285714,9.910714285714286,0.25,7.5
353,Matthew Kuhnemann,Australia,6,5.125,191,228.0,2,20,3,0.5405405405405406,8.821428571428571,9.821428571428571,0.08771929824561403,9.12280701754386
354,Matthew Potts,England,0,8.25,33,24.0,3,5,0,0.0,7.928571428571428,9.732142857142858,0.20833333333333334,7.916666666666666
355,Max O'Dowd,Netherlands,0,7.140000000000001,39,43.0,3,4,0,0.0,8.245714285714286,9.732142857142858,0.09302325581395349,9.069767441860465
356,Mayank Agarwal,India,0,10.0,10,6.0,0,2,0,0.0,7.428571428571429,10.0,0.3333333333333333,6.666666666666668
357,Mehidy Hasan Miraz,Bangladesh,82,4.770294117647059,2652,3405.0,28,238,27,7.387387387387387,8.922773109243698,7.5,0.0698972099853157,9.301027900146844
358,Michael Bracewell,New Zealand,15,5.473333333333333,616,726.0,2,65,4,1.3513513513513513,8.721904761904762,9.821428571428571,0.08953168044077135,9.104683195592287
359,Michael Leask,Scotland,49,4.85953488372093,1304,1628.0,25,115,10,4.414414414414415,8.897275747508305,7.767857142857143,0.07063882063882064,9.293611793611793
360,Michael Neser,Australia,2,7.14,120,100.0,2,21,1,0.18018018018018017,8.245714285714286,9.821428571428571,0.21,7.9
361,Michael Rippon,Netherlands,8,4.65,201,270.0,1,21,3,0.7207207207207207,8.957142857142857,9.910714285714286,0.07777777777777778,9.222222222222223
362,Michael van Lingen,Namibia,2,5.944444444444445,69,86.0,2,4,0,0.18018018018018017,8.587301587301589,9.821428571428571,0.046511627906976744,9.534883720930234
363,Milinda Siriwardana,Sri Lanka,0,8.5,17,12.0,0,2,0,0.0,7.857142857142857,10.0,0.16666666666666666,8.333333333333334
364,Milton Shumba,Zimbabwe,0,6.54,42,41.0,0,5,0,0.0,8.417142857142858,10.0,0.12195121951219512,8.78048780487805
365,Mitchell Marsh,Australia,13,5.279999999999999,430,519.0,15,38,4,1.1711711711711712,8.777142857142858,8.660714285714286,0.07321772639691715,9.267822736030828
366,Mitchell Santner,New Zealand,39,4.848695652173913,1826,2277.0,32,162,10,3.5135135135135136,8.900372670807453,7.142857142857143,0.07114624505928854,9.288537549407113
367,Mitchell Starc,Australia,85,5.502142857142857,2141,2317.0,101,256,16,7.657657657657657,8.713673469387755,0.982142857142857,0.11048769961156668,8.895123003884333
368,Mitchell Swepson,Australia,3,6.136666666666667,161,158.0,2,17,0,0.2702702702702703,8.532380952380953,9.821428571428571,0.10759493670886076,8.924050632911392
369,Moeen Ali,England,50,5.842586206896552,2397,2633.0,13,203,6,4.504504504504505,8.616403940886698,8.839285714285714,0.07709836688188378,9.229016331181162
370,Mohammad Aadil Alam,Nepal,6,4.23,166,264.0,8,17,5,0.5405405405405406,9.077142857142857,9.285714285714286,0.06439393939393939,9.356060606060606
371,Mohammad Abbas,Pakistan,1,5.640000000000001,153,162.0,5,15,0,0.09009009009009009,8.674285714285714,9.553571428571429,0.09259259259259259,9.074074074074074
372,Mohammad Amir,Pakistan,26,4.639166666666667,892,1146.0,25,104,17,2.3423423423423424,8.960238095238095,7.767857142857143,0.09075043630017451,9.092495636998255
373,Mohammad Boota,United Arab Emirates,0,5.0,10,12.0,0,1,0,0.0,8.857142857142858,10.0,0.08333333333333333,9.166666666666666
374,Mohammad Hafeez,Pakistan,3,6.013571428571429,381,420.0,2,32,1,0.2702702702702703,8.567551020408162,9.821428571428571,0.0761904761904762,9.238095238095239
375,Mohammad Hasnain,Pakistan,12,6.683333333333334,497,463.0,16,65,5,1.0810810810810811,8.376190476190477,8.571428571428573,0.14038876889848811,8.59611231101512
376,Mohammad Mithun,Bangladesh,0,6.0,12,12.0,1,1,0,0.0,8.571428571428573,9.910714285714286,0.08333333333333333,9.166666666666666
377,Mohammad Nabi,Afghanistan,60,4.539444444444444,1906,2651.0,38,140,19,5.405405405405405,8.988730158730158,6.607142857142857,0.052810260279139945,9.4718973972086
378,Mohammad Nadeem,Oman,19,5.880800000000001,739,806.0,15,83,4,1.7117117117117118,8.605485714285715,8.660714285714286,0.10297766749379653,8.970223325062035
379,Mohammad Naveed,United Arab Emirates,32,5.330555555555556,800,893.0,23,95,7,2.8828828828828827,8.762698412698413,7.946428571428572,0.10638297872340426,8.936170212765957
380,Mohammad Nawaz,Pakistan,26,4.852631578947369,783,985.0,8,64,4,2.3423423423423424,8.89924812030075,9.285714285714286,0.0649746192893401,9.350253807106599
381,Mohammad Saifuddin,Bangladesh,41,5.927777777777778,1233,1253.0,43,132,7,3.6936936936936937,8.592063492063492,6.1607142857142865,0.10534716679968077,8.946528332003192
382,Mohammad Saleem,Afghanistan,0,6.98,70,62.0,9,8,0,0.0,8.291428571428572,9.196428571428571,0.12903225806451613,8.709677419354838
383,Mohammad Sanuth,Oman,0,9.333333333333334,61,60.0,1,9,2,0.0,7.619047619047619,9.910714285714286,0.15,8.5
384,Mohammad Wasim,Pakistan,24,5.454285714285715,581,655.0,17,67,5,2.1621621621621623,8.72734693877551,8.482142857142858,0.10229007633587786,8.977099236641221
385,Mohammed Shami,India,71,5.747179487179487,1896,1963.0,63,254,16,6.396396396396397,8.643663003663004,4.375,0.1293937850229241,8.706062149770759
386,Mohammed Siraj,India,43,4.91875,891,1118.0,45,124,19,3.873873873873874,8.880357142857143,5.982142857142857,0.11091234347048301,8.89087656529517
387,Moises Henriques,Australia,1,5.925,41,48.0,1,3,0,0.09009009009009009,8.592857142857143,9.910714285714286,0.0625,9.375
388,Mominul Haque,Bangladesh,0,5.0,15,18.0,0,1,0,0.0,8.857142857142858,10.0,0.05555555555555555,9.444444444444445
389,Morne Morkel,South Africa,2,5.68,206,228.0,11,31,2,0.18018018018018017,8.662857142857144,9.017857142857142,0.13596491228070176,8.640350877192983
390,Mosaddek Hossain,Bangladesh,7,5.517916666666667,604,702.0,11,54,1,0.6306306306306306,8.709166666666667,9.017857142857142,0.07692307692307693,9.230769230769232
391,Mrittunjoy Chowdhury,Bangladesh,0,8.0,64,48.0,3,9,0,0.0,8.0,9.732142857142858,0.1875,8.125
392,Muhammad Jawadullah,United Arab Emirates,6,6.609999999999999,239,223.0,12,33,0,0.5405405405405406,8.397142857142857,8.928571428571429,0.14798206278026907,8.52017937219731
393,Muhammad Musa,Pakistan,2,5.7,101,97.0,2,15,1,0.18018018018018017,8.657142857142857,9.821428571428571,0.15463917525773196,8.45360824742268
394,Muhammad Waseem,United Arab Emirates,0,8.293333333333333,66,53.0,4,8,1,0.0,7.916190476190477,9.642857142857142,0.1509433962264151,8.49056603773585
395,Mujeeb Ur Rahman,Afghanistan,79,4.235964912280702,2039,2997.0,73,182,31,7.117117117117116,9.075438596491228,3.4821428571428568,0.06072739406072739,9.392726059392727
396,Mustafizur Rahman,Bangladesh,104,5.048059701492538,2774,3238.0,112,305,20,9.36936936936937,8.843411513859275,0.0,0.09419394688079061,9.058060531192094
397,Nadeem Ahmed,Hong Kong,5,4.491666666666666,229,324.0,0,24,3,0.4504504504504504,9.002380952380953,10.0,0.07407407407407407,9.25925925925926
398,Najmul Hossain Shanto,Bangladesh,1,5.7325,40,44.0,0,3,0,0.09009009009009009,8.647857142857143,10.0,0.06818181818181818,9.318181818181818
399,Naseem Shah,Pakistan,23,4.7625,346,438.0,22,31,2,2.0720720720720722,8.924999999999999,8.035714285714286,0.07077625570776255,9.292237442922374
400,Nasir Hossain,Bangladesh,1,4.776666666666666,54,72.0,0,6,0,0.09009009009009009,8.92095238095238,10.0,0.08333333333333333,9.166666666666666
401,Nasum Ahmed,Bangladesh,8,3.7266666666666666,182,292.0,5,18,8,0.7207207207207207,9.220952380952381,9.553571428571429,0.06164383561643835,9.383561643835616
402,Nathan Coulter-Nile,Australia,15,6.21,570,566.0,11,74,5,1.3513513513513513,8.511428571428572,9.017857142857142,0.13074204946996468,8.692579505300353
403,Nathan Ellis,Australia,5,5.19,153,168.0,7,14,0,0.4504504504504504,8.802857142857142,9.375,0.08333333333333333,9.166666666666666
404,Nathan Lyon,Australia,12,5.074375,742,906.0,5,58,2,1.0810810810810811,8.835892857142857,9.553571428571429,0.0640176600441501,9.359823399558499
405,Navdeep Saini,India,6,6.9375,481,420.0,15,65,0,0.5405405405405406,8.303571428571427,8.660714285714286,0.15476190476190477,8.452380952380953
406,Naveen-ul-Haq,Afghanistan,12,5.686,245,259.0,10,30,1,1.0810810810810811,8.661142857142858,9.107142857142858,0.11583011583011583,8.841698841698841
407,Nazmul Islam,Bangladesh,5,5.104,224,264.0,3,26,0,0.4504504504504504,8.827428571428571,9.732142857142858,0.09848484848484848,9.015151515151516
408,Nestor Dhamba,Oman,11,4.392222222222222,242,348.0,4,16,3,0.990990990990991,9.030793650793651,9.642857142857142,0.04597701149425287,9.540229885057471
409,Nicholas Pooran,West Indies,6,11.815714285714288,174,169.0,9,14,0,0.5405405405405406,6.9097959183673465,9.196428571428571,0.08284023668639054,9.171597633136095
410,Nikhil Dutta,Canada,4,4.415,135,198.0,0,9,1,0.36036036036036034,9.024285714285714,10.0,0.045454545454545456,9.545454545454547
411,Nikita Miller,West Indies,3,4.87,125,150.0,2,9,0,0.2702702702702703,8.894285714285715,9.821428571428571,0.06,9.399999999999999
412,Nisarg Patel,United States of America,42,5.146923076923077,1281,1615.0,24,111,8,3.783783783783784,8.815164835164834,7.857142857142857,0.06873065015479876,9.312693498452013
413,Nitish Rana,India,0,3.33,10,18.0,0,0,0,0.0,9.334285714285715,10.0,0.0,10.0
414,Nizakat Khan,Hong Kong,0,11.33,38,24.0,0,4,0,0.0,7.048571428571428,10.0,0.16666666666666666,8.333333333333334
415,Nkrumah Bonner,West Indies,1,5.206666666666667,55,65.0,2,2,0,0.09009009009009009,8.798095238095238,9.821428571428571,0.03076923076923077,9.692307692307692
416,Noor Ahmad,Afghanistan,2,7.506666666666667,156,126.0,12,17,0,0.18018018018018017,8.140952380952381,8.928571428571429,0.1349206349206349,8.650793650793652
417,Norman Vanua,Papua New Guinea,47,5.612,1687,1942.0,86,173,17,4.2342342342342345,8.682285714285715,2.321428571428571,0.08908341915550978,9.109165808444903
418,Nosaina Pokana,Papua New Guinea,26,3.99125,544,795.0,26,52,10,2.3423423423423424,9.145357142857142,7.678571428571428,0.06540880503144654,9.345911949685535
419,Nosthush Kenjige,United States of America,38,4.320256410256411,1327,1876.0,7,124,12,3.4234234234234235,9.051355311355312,9.375,0.06609808102345416,9.339019189765459
420,Nuwan Pradeep,Sri Lanka,34,6.117272727272728,1123,1125.0,31,146,10,3.063063063063063,8.537922077922078,7.232142857142857,0.12977777777777777,8.702222222222222
421,Nuwanidu Fernando,Sri Lanka,0,11.0,22,12.0,0,3,0,0.0,7.142857142857143,10.0,0.25,7.5
422,Obed McCoy,West Indies,4,7.74,109,84.0,3,14,0,0.36036036036036034,8.074285714285715,9.732142857142858,0.16666666666666666,8.333333333333334
423,Odean Smith,West Indies,10,6.482222222222222,261,283.0,31,32,0,0.9009009009009008,8.433650793650793,7.232142857142857,0.11307420494699646,8.869257950530034
424,Oliver Davidson,Scotland,0,3.33,30,54.0,0,3,0,0.0,9.334285714285715,10.0,0.05555555555555555,9.444444444444445
425,Olly Stone,England,8,6.078571428571428,317,318.0,9,37,2,0.7207207207207207,8.548979591836735,9.196428571428571,0.11635220125786164,8.836477987421384
426,Oshada Fernando,Sri Lanka,0,8.0,16,12.0,0,1,0,0.0,8.0,10.0,0.08333333333333333,9.166666666666666
427,Oshane Thomas,West Indies,27,6.767777777777778,865,768.0,50,122,1,2.4324324324324325,8.352063492063492,5.5357142857142865,0.15885416666666666,8.411458333333334
428,Paras Khadka,Nepal,9,3.966666666666667,243,372.0,3,27,2,0.8108108108108109,9.152380952380952,9.732142857142858,0.07258064516129033,9.274193548387096
429,Pargat Singh,Canada,2,4.47,61,84.0,0,4,0,0.18018018018018017,9.008571428571429,10.0,0.047619047619047616,9.523809523809524
430,Pat Cummins,Australia,67,4.982820512820513,1757,2090.0,81,206,31,6.036036036036037,8.862051282051283,2.7678571428571432,0.09856459330143541,9.014354066985646
431,Paul Stirling,Ireland,4,5.214166666666666,157,187.0,4,13,0,0.36036036036036034,8.79595238095238,9.642857142857142,0.06951871657754011,9.304812834224599
432,Paul van Meekeren,Netherlands,14,5.300909090909091,461,516.0,21,55,7,1.2612612612612613,8.771168831168831,8.125,0.1065891472868217,8.934108527131784
433,Pawan Sarraf,Nepal,4,4.415,129,166.0,2,10,1,0.36036036036036034,9.024285714285714,9.821428571428571,0.060240963855421686,9.397590361445783
434,Peter Chase,Ireland,7,5.68,291,312.0,16,34,2,0.6306306306306306,8.662857142857144,8.571428571428573,0.10897435897435898,8.910256410256409
435,Peter Siddle,Australia,2,6.489999999999999,162,150.0,6,17,1,0.18018018018018017,8.431428571428572,9.464285714285714,0.11333333333333333,8.866666666666667
436,Philippe Boissevain,Netherlands,4,7.1450000000000005,326,279.0,6,36,0,0.36036036036036034,8.244285714285715,9.464285714285714,0.12903225806451613,8.709677419354838
437,Pieter Seelaar,Netherlands,15,4.798,705,924.0,3,61,7,1.3513513513513513,8.914857142857143,9.732142857142858,0.06601731601731602,9.33982683982684
438,Pikky Ya France,Namibia,15,5.058333333333334,661,865.0,19,72,6,1.3513513513513513,8.84047619047619,8.303571428571427,0.08323699421965318,9.167630057803468
439,Prabath Jayasuriya,Sri Lanka,0,6.15,95,96.0,0,9,0,0.0,8.528571428571428,10.0,0.09375,9.0625
440,Pramod Madushan,Sri Lanka,1,4.33,13,18.0,0,2,0,0.09009009009009009,9.048571428571428,10.0,0.1111111111111111,8.88888888888889
441,Prasidh Krishna,India,25,5.4592857142857145,598,674.0,19,86,7,2.2522522522522523,8.725918367346939,8.303571428571427,0.12759643916913946,8.724035608308606
442,Pratis GC,Nepal,2,4.286666666666666,90,126.0,5,9,0,0.18018018018018017,9.060952380952381,9.553571428571429,0.07142857142857142,9.285714285714286
443,Praveen Jayawickrama,Sri Lanka,5,5.57,177,198.0,3,16,0,0.4504504504504504,8.694285714285714,9.732142857142858,0.08080808080808081,9.191919191919192
444,Prince Masvaure,Zimbabwe,0,6.33,19,18.0,1,1,0,0.0,8.477142857142857,9.910714285714286,0.05555555555555555,9.444444444444445
445,Qadeer Ahmed,United Arab Emirates,8,5.266666666666667,390,432.0,23,40,1,0.7207207207207207,8.78095238095238,7.946428571428572,0.09259259259259259,9.074074074074074
446,Qais Ahmad,Afghanistan,3,4.17,32,46.0,0,5,0,0.2702702702702703,9.094285714285714,10.0,0.10869565217391304,8.91304347826087
447,Rachin Ravindra,New Zealand,4,7.02,193,165.0,2,22,0,0.36036036036036034,8.280000000000001,9.821428571428571,0.13333333333333333,8.666666666666668
448,Rahmat Shah,Afghanistan,4,6.956153846153847,194,192.0,5,25,1,0.36036036036036034,8.298241758241758,9.553571428571429,0.13020833333333334,8.697916666666666
449,Rahul Bhatia,United Arab Emirates,2,6.07,90,89.0,3,8,0,0.18018018018018017,8.551428571428572,9.732142857142858,0.0898876404494382,9.101123595505618
450,Rahul Chahar,India,3,5.4,54,60.0,2,6,0,0.2702702702702703,8.742857142857144,9.821428571428571,0.1,9.0
451,Rameez Shahzad,United Arab Emirates,0,5.66,17,18.0,2,0,0,0.0,8.668571428571429,9.821428571428571,0.0,10.0
452,Ramesh Mendis,Sri Lanka,4,6.736666666666667,74,72.0,5,7,0,0.36036036036036034,8.360952380952382,9.553571428571429,0.09722222222222222,9.027777777777779
453,Rashid Khan,Afghanistan,97,4.262222222222222,2080,2926.0,61,172,15,8.73873873873874,9.067936507936508,4.553571428571429,0.05878332194121668,9.412166780587834
454,Rassie van der Dussen,South Africa,1,3.0,3,6.0,0,0,0,0.09009009009009009,9.428571428571429,10.0,0.0,10.0
455,Ravi Bishnoi,India,1,8.62,69,48.0,5,8,0,0.09009009009009009,7.822857142857142,9.553571428571429,0.16666666666666666,8.333333333333334
456,Ravichandran Ashwin,India,1,6.05,121,120.0,2,10,1,0.09009009009009009,8.557142857142857,9.821428571428571,0.08333333333333333,9.166666666666666
457,Ravindra Jadeja,India,36,4.913428571428572,1575,1913.0,20,141,5,3.2432432432432434,8.881877551020409,8.214285714285714,0.07370622059592263,9.262937794040774
458,Raymon Reifer,West Indies,6,5.446,149,161.0,5,11,0,0.5405405405405406,8.729714285714286,9.553571428571429,0.06832298136645963,9.316770186335404
459,Reece Topley,England,17,5.171818181818182,448,517.0,10,58,8,1.5315315315315314,8.808051948051949,9.107142857142858,0.11218568665377177,8.878143133462281
460,Reeza Hendricks,South Africa,1,7.109999999999999,47,42.0,0,5,0,0.09009009009009009,8.254285714285714,10.0,0.11904761904761904,8.80952380952381
461,Rehan Ahmed,England,1,6.2,62,60.0,0,6,0,0.09009009009009009,8.514285714285714,10.0,0.1,9.0
462,Richard Ngarava,Zimbabwe,36,5.282903225806452,1279,1460.0,60,152,16,3.2432432432432434,8.7763133640553,4.642857142857143,0.10410958904109589,8.95890410958904
463,Richie Berrington,Scotland,10,5.525833333333334,428,486.0,11,40,1,0.9009009009009008,8.706904761904761,9.017857142857142,0.0823045267489712,9.17695473251029
464,Riley Hekure,Papua New Guinea,26,5.160833333333334,733,953.0,8,74,8,2.3423423423423424,8.811190476190475,9.285714285714286,0.0776495278069255,9.223504721930745
465,Riley Meredith,Australia,0,7.2,36,30.0,3,4,0,0.0,8.228571428571428,9.732142857142858,0.13333333333333333,8.666666666666668
466,Roelof van der Merwe,Netherlands,2,6.276666666666666,124,120.0,1,15,0,0.18018018018018017,8.492380952380952,9.910714285714286,0.125,8.75
467,Rohan Mustafa,United Arab Emirates,71,4.614923076923077,2340,3121.0,21,202,25,6.396396396396397,8.967164835164835,8.125,0.06472284524190965,9.352771547580904
468,Rohit Paudel,Nepal,0,3.725,70,109.0,1,5,0,0.0,9.221428571428572,9.910714285714286,0.045871559633027525,9.541284403669724
469,Romario Shepherd,West Indies,15,5.621428571428571,753,840.0,25,91,5,1.3513513513513513,8.679591836734694,7.767857142857143,0.10833333333333334,8.916666666666666
470,Roston Chase,West Indies,26,5.211290322580646,1136,1416.0,24,93,5,2.3423423423423424,8.796774193548387,7.857142857142857,0.06567796610169492,9.34322033898305
471,Rovman Powell,West Indies,2,5.5575,156,164.0,0,16,0,0.18018018018018017,8.697857142857142,10.0,0.0975609756097561,9.02439024390244
472,Rubel Hossain,Bangladesh,31,5.4308695652173915,980,1052.0,21,100,8,2.7927927927927927,8.734037267080746,8.125,0.09505703422053231,9.049429657794676
473,Ruben Trumpelmann,Namibia,60,4.8161764705882355,1336,1693.0,78,160,22,5.405405405405405,8.909663865546218,3.035714285714286,0.09450679267572357,9.054932073242764
474,Rumman Raees,Pakistan,8,6.56,282,263.0,6,31,0,0.7207207207207207,8.411428571428573,9.464285714285714,0.11787072243346007,8.821292775665398
475,Rusty Theron,United States of America,19,5.046923076923077,494,586.0,30,50,6,1.7117117117117118,8.843736263736265,7.321428571428572,0.08532423208191127,9.146757679180887
476,Ryan Burl,Zimbabwe,18,6.639310344827586,694,680.0,22,80,2,1.6216216216216217,8.388768472906404,8.035714285714286,0.11764705882352941,8.823529411764707
477,Ryan Klein,Netherlands,12,5.160833333333334,480,573.0,12,51,5,1.0810810810810811,8.811190476190475,8.928571428571429,0.08900523560209424,9.109947643979057
478,Saad Bin Zafar,Canada,8,4.826,215,270.0,1,21,0,0.7207207207207207,8.906857142857143,9.910714285714286,0.07777777777777778,9.222222222222223
479,Sabbir Rahman,Bangladesh,0,6.5875,101,94.0,0,12,0,0.0,8.403571428571428,10.0,0.1276595744680851,8.72340425531915
480,Sabir Ali,United Arab Emirates,3,5.7875,91,102.0,7,13,1,0.2702702702702703,8.632142857142856,9.375,0.12745098039215685,8.725490196078432
481,Safyaan Sharif,Scotland,68,4.942200000000001,2025,2433.0,68,228,24,6.126126126126126,8.873657142857143,3.928571428571429,0.093711467324291,9.06288532675709
482,Sagar Dhakal,Nepal,4,4.111428571428571,148,229.0,0,14,1,0.36036036036036034,9.111020408163265,10.0,0.0611353711790393,9.388646288209607
483,Sahan Arachchige,Sri Lanka,1,3.6,18,30.0,0,0,0,0.09009009009009009,9.257142857142856,10.0,0.0,10.0
484,Sam Curran,England,26,5.922,883,895.0,28,98,7,2.3423423423423424,8.593714285714286,7.5,0.10949720670391061,8.905027932960895
485,Samiullah Shinwari,Afghanistan,1,6.25,113,126.0,1,9,0,0.09009009009009009,8.5,9.910714285714286,0.07142857142857142,9.285714285714286
486,Sanchit Sharma,United Arab Emirates,10,6.0675,274,288.0,3,31,3,0.9009009009009008,8.552142857142858,9.732142857142858,0.1076388888888889,8.92361111111111
487,Sandeep Goud,Oman,0,6.971666666666667,82,84.0,2,10,0,0.0,8.293809523809523,9.821428571428571,0.11904761904761904,8.80952380952381
488,Sandeep Lamichhane,Nepal,111,4.263541666666667,1915,2690.0,40,200,28,10.0,9.067559523809525,6.428571428571428,0.07434944237918216,9.256505576208179
489,Sanjay Krishnamurthi,United States of America,0,3.4166666666666665,27,42.0,0,2,0,0.0,9.30952380952381,10.0,0.047619047619047616,9.523809523809524
490,Saqib Mahmood,England,14,4.4575,320,419.0,8,41,5,1.2612612612612613,9.012142857142857,9.285714285714286,0.09785202863961814,9.021479713603819
491,Saqib Zulfiqar,Netherlands,8,7.616,296,282.0,8,31,1,0.7207207207207207,8.109714285714286,9.285714285714286,0.1099290780141844,8.900709219858156
492,Sarfaraz Ahmed,Pakistan,0,7.5,15,12.0,0,1,0,0.0,8.142857142857142,10.0,0.08333333333333333,9.166666666666666
493,Saud Shakeel,Pakistan,1,4.42,37,47.0,0,1,0,0.09009009009009009,9.022857142857143,10.0,0.02127659574468085,9.787234042553191
494,Saurabh Netravalkar,United States of America,73,3.947659574468085,1626,2458.0,22,173,49,6.576576576576577,9.157811550151976,8.035714285714286,0.07038242473555736,9.296175752644427
495,Sayed Shirzad,Afghanistan,1,7.0,56,48.0,0,6,0,0.09009009009009009,8.285714285714285,10.0,0.125,8.75
496,Scott Cameron,Scotland,3,6.8100000000000005,123,109.0,5,14,1,0.2702702702702703,8.34,9.553571428571429,0.12844036697247707,8.715596330275229
497,Sean Abbott,Australia,12,4.795,390,462.0,9,43,7,1.0810810810810811,8.915714285714285,9.196428571428571,0.09307359307359307,9.069264069264069
498,Sean Williams,Zimbabwe,30,5.3332500000000005,1315,1572.0,35,124,14,2.7027027027027026,8.761928571428571,6.875,0.07888040712468193,9.211195928753181
499,Seekkuge Prasanna,Sri Lanka,0,6.4,94,90.0,0,9,0,0.0,8.457142857142856,10.0,0.1,9.0
500,Semo Kamea,Papua New Guinea,33,5.200952380952381,868,1000.0,59,97,10,2.9729729729729732,8.799727891156463,4.732142857142857,0.097,9.030000000000001
501,Sese Bau,Papua New Guinea,8,5.0200000000000005,513,632.0,7,55,1,0.7207207207207207,8.85142857142857,9.375,0.08702531645569621,9.129746835443038
502,Shadab Khan,Pakistan,54,5.2700000000000005,1899,2202.0,15,166,7,4.864864864864865,8.78,8.660714285714286,0.07538601271571299,9.24613987284287
503,Shafiul Islam,Bangladesh,7,6.9799999999999995,235,198.0,11,32,2,0.6306306306306306,8.291428571428572,9.017857142857142,0.16161616161616163,8.383838383838384
504,Shahbaz Ahmed,India,3,4.766666666666667,125,156.0,0,12,0,0.2702702702702703,8.923809523809524,10.0,0.07692307692307693,9.230769230769232
505,Shaheen Shah Afridi,Pakistan,70,5.466285714285714,1676,1821.0,44,212,16,6.306306306306306,8.72391836734694,6.071428571428572,0.11641954969796815,8.835804503020318
506,Shahidullah,Afghanistan,0,5.33,16,18.0,0,2,0,0.0,8.762857142857143,10.0,0.1111111111111111,8.88888888888889
507,Shahnawaz Dahani,Pakistan,1,4.85,73,96.0,4,8,0,0.09009009009009009,8.9,9.642857142857142,0.08333333333333333,9.166666666666666
508,Shaiman Anwar,United Arab Emirates,4,7.591666666666666,130,113.0,0,19,0,0.36036036036036034,8.116666666666667,10.0,0.168141592920354,8.31858407079646
509,Shakib Al Hasan,Bangladesh,79,4.551730769230769,2070,2794.0,29,175,20,7.117117117117116,8.98521978021978,7.4107142857142865,0.06263421617752327,9.373657838224768
510,Shakti Gauchan,Nepal,0,3.75,15,24.0,1,0,0,0.0,9.214285714285715,9.910714285714286,0.0,10.0
511,Shane Getkate,Ireland,7,4.6025,145,192.0,2,15,2,0.6306306306306306,8.970714285714285,9.821428571428571,0.078125,9.21875
512,Shane Snater,Netherlands,2,7.5200000000000005,188,150.0,2,26,1,0.18018018018018017,8.137142857142857,9.821428571428571,0.17333333333333334,8.266666666666666
513,Shannon Gabriel,West Indies,10,7.338571428571428,352,309.0,20,43,1,0.9009009009009008,8.188979591836734,8.214285714285714,0.13915857605177995,8.608414239482201
514,Shapoor Zadran,Afghanistan,2,3.8674999999999997,116,168.0,1,12,3,0.18018018018018017,9.180714285714286,9.910714285714286,0.07142857142857142,9.285714285714286
515,Sharad Vesawkar,Nepal,2,3.5,21,36.0,0,1,1,0.18018018018018017,9.285714285714286,10.0,0.027777777777777776,9.722222222222221
516,Sharafuddin Ashraf,Afghanistan,8,4.1378571428571425,412,594.0,2,36,4,0.7207207207207207,9.103469387755101,9.821428571428571,0.06060606060606061,9.393939393939394
517,Shardul Thakur,India,49,6.278181818181818,1525,1463.0,71,191,9,4.414414414414415,8.491948051948052,3.660714285714286,0.13055365686944634,8.694463431305536
518,Shariz Ahmad,Netherlands,13,6.542,404,388.0,1,48,2,1.1711711711711712,8.416571428571428,9.910714285714286,0.12371134020618557,8.762886597938145
519,Shaun Fouch,Namibia,6,5.388,130,156.0,2,11,1,0.5405405405405406,8.746285714285714,9.821428571428571,0.07051282051282051,9.294871794871796
520,Shehan Jayasuriya,Sri Lanka,2,5.295,188,216.0,1,13,1,0.18018018018018017,8.772857142857143,9.910714285714286,0.06018518518518518,9.398148148148147
521,Shehan Madushanka,Sri Lanka,3,4.21,26,37.0,2,2,1,0.2702702702702703,9.082857142857142,9.821428571428571,0.05405405405405406,9.45945945945946
522,Sheldon Cottrell,West Indies,43,5.876774193548387,1479,1524.0,61,172,10,3.873873873873874,8.60663594470046,4.553571428571429,0.11286089238845144,8.871391076115486
523,Shermon Lewis,West Indies,3,6.81,67,59.0,3,8,0,0.2702702702702703,8.34,9.732142857142858,0.13559322033898305,8.64406779661017
524,Shivam Dube,India,0,8.68,68,47.0,0,10,0,0.0,7.805714285714286,10.0,0.2127659574468085,7.872340425531915
525,Shoaib Khan,Oman,0,5.636666666666667,41,48.0,0,5,0,0.0,8.675238095238097,10.0,0.10416666666666667,8.958333333333334
526,Shoaib Malik,Pakistan,4,5.670625,270,327.0,3,18,0,0.36036036036036034,8.665535714285715,9.732142857142858,0.05504587155963303,9.44954128440367
527,Shoriful Islam,Bangladesh,26,5.485882352941177,689,742.0,23,83,4,2.3423423423423424,8.718319327731091,7.946428571428572,0.11185983827493262,8.881401617250674
528,Shreyas Iyer,India,0,7.0,37,31.0,2,4,0,0.0,8.285714285714285,9.821428571428571,0.12903225806451613,8.709677419354838
529,Siddarth Kaul,India,0,6.670000000000001,179,162.0,1,22,0,0.0,8.379999999999999,9.910714285714286,0.13580246913580246,8.641975308641976
530,Sikandar Raza,Zimbabwe,54,5.163833333333333,2223,2706.0,58,191,12,4.864864864864865,8.810333333333332,4.821428571428571,0.07058388765705839,9.294161123429417
531,Simi Singh,Ireland,38,3.957037037037037,904,1381.0,7,76,19,3.4234234234234235,9.155132275132274,9.375,0.05503258508327299,9.44967414916727
532,Simon Atai,Papua New Guinea,0,5.925,35,48.0,0,4,0,0.0,8.592857142857143,10.0,0.08333333333333333,9.166666666666666
533,Sisanda Magala,South Africa,14,6.306666666666666,335,318.0,19,35,4,1.2612612612612613,8.483809523809525,8.303571428571427,0.11006289308176101,8.89937106918239
534,Solomon Mire,Zimbabwe,5,5.510000000000001,82,90.0,4,9,1,0.4504504504504504,8.711428571428572,9.642857142857142,0.1,9.0
535,Sompal Kami,Nepal,63,5.066808510638298,1769,2127.0,62,213,30,5.675675675675675,8.838054711246201,4.4642857142857135,0.1001410437235543,8.998589562764458
536,Soumya Sarkar,Bangladesh,11,7.0164285714285715,319,322.0,4,29,0,0.990990990990991,8.281020408163265,9.642857142857142,0.09006211180124224,9.099378881987578
537,Steven Smith,Australia,1,9.25,40,30.0,1,5,0,0.09009009009009009,7.642857142857142,9.910714285714286,0.16666666666666666,8.333333333333334
538,Steven Taylor,United States of America,37,5.11225,1124,1487.0,6,114,13,3.333333333333333,8.825071428571428,9.464285714285714,0.07666442501681238,9.233355749831876
539,Stuart Whittingham,Scotland,6,5.385,187,209.0,17,23,2,0.5405405405405406,8.747142857142858,8.482142857142858,0.11004784688995216,8.89952153110048
540,Sufyan Mehmood,Oman,0,6.0,8,8.0,1,1,0,0.0,8.571428571428573,9.910714285714286,0.125,8.75
541,Sultan Ahmed,United Arab Emirates,0,4.83,58,72.0,0,4,0,0.0,8.905714285714286,10.0,0.05555555555555555,9.444444444444445
542,Sunzamul Islam,Bangladesh,3,2.8499999999999996,57,120.0,2,3,0,0.2702702702702703,9.471428571428572,9.821428571428571,0.025,9.75
543,Suranga Lakmal,Sri Lanka,15,5.863125,665,693.0,17,88,5,1.3513513513513513,8.610535714285714,8.482142857142858,0.12698412698412698,8.730158730158731
544,Suresh Raina,India,0,6.553333333333334,42,42.0,1,6,1,0.0,8.413333333333332,9.910714285714286,0.14285714285714285,8.571428571428573
545,Sushan Bhari,Nepal,15,4.240909090909091,273,422.0,5,24,5,1.3513513513513513,9.074025974025975,9.553571428571429,0.05687203791469194,9.431279620853081
546,Sushant Modani,United States of America,0,3.0,6,12.0,0,0,0,0.0,9.428571428571429,10.0,0.0,10.0
547,T Natarajan,India,3,7.15,143,120.0,12,18,1,0.2702702702702703,8.242857142857144,8.928571428571429,0.15,8.5
548,Tabraiz Shamsi,South Africa,49,5.886571428571429,1713,1822.0,53,173,5,4.414414414414415,8.603836734693877,5.267857142857143,0.09495060373216246,9.050493962678376
549,Taijul Islam,Bangladesh,25,4.405,557,750.0,5,53,7,2.2522522522522523,9.027142857142858,9.553571428571429,0.07066666666666667,9.293333333333333
550,Tanaka Chivanga,Zimbabwe,3,5.446,197,218.0,13,27,0,0.2702702702702703,8.729714285714286,8.839285714285714,0.12385321100917432,8.761467889908257
551,Tangeni Lungameni,Namibia,37,4.409090909090909,739,1026.0,28,81,14,3.333333333333333,9.025974025974026,7.5,0.07894736842105263,9.210526315789473
552,Tanveer Ahmed,Hong Kong,1,4.71,33,42.0,1,3,0,0.09009009009009009,8.94,9.910714285714286,0.07142857142857142,9.285714285714286
553,Tanwir Afzal,Hong Kong,1,4.704,153,216.0,3,15,5,0.09009009009009009,8.941714285714287,9.732142857142858,0.06944444444444445,9.305555555555555
554,Tarisai Musakanda,Zimbabwe,0,5.5,11,12.0,0,1,0,0.0,8.714285714285715,10.0,0.08333333333333333,9.166666666666666
555,Taskin Ahmed,Bangladesh,36,4.955384615384616,1059,1304.0,42,124,13,3.2432432432432434,8.86989010989011,6.25,0.0950920245398773,9.049079754601227
556,Teja Nidamanuru,Netherlands,0,8.0,8,6.0,0,1,0,0.0,8.0,10.0,0.16666666666666666,8.333333333333334
557,Temba Bavuma,South Africa,0,3.56,22,37.0,0,3,0,0.0,9.268571428571429,10.0,0.08108108108108109,9.18918918918919
558,Tendai Chatara,Zimbabwe,60,5.517391304347826,1927,2146.0,83,240,26,5.405405405405405,8.709316770186335,2.589285714285714,0.11183597390493942,8.881640260950606
559,Tendai Chisoro,Zimbabwe,11,5.3025,341,390.0,8,29,1,0.990990990990991,8.770714285714286,9.285714285714286,0.07435897435897436,9.256410256410257
560,Thisara Perera,Sri Lanka,37,5.976857142857143,1267,1297.0,22,142,3,3.333333333333333,8.578040816326531,8.035714285714286,0.1094834232845027,8.905165767154973
561,Tim Murtagh,Ireland,35,4.440952380952381,847,1139.0,17,98,20,3.153153153153153,9.016870748299318,8.482142857142858,0.08604038630377524,9.139596136962249
562,Tim Pringle,Netherlands,1,6.7700000000000005,221,199.0,1,26,1,0.09009009009009009,8.351428571428572,9.910714285714286,0.1306532663316583,8.693467336683417
563,Tim Southee,New Zealand,44,5.5343333333333335,1451,1557.0,44,195,16,3.963963963963964,8.704476190476191,6.071428571428572,0.1252408477842004,8.747591522157997
564,Timil Patel,United States of America,6,4.3500000000000005,150,234.0,2,15,6,0.5405405405405406,9.042857142857143,9.821428571428571,0.0641025641025641,9.35897435897436
565,Timm van der Gugten,Netherlands,4,3.4475,110,198.0,2,8,4,0.36036036036036034,9.300714285714285,9.821428571428571,0.04040404040404041,9.595959595959595
566,Tinotenda Mutombodzi,Zimbabwe,1,9.02,81,60.0,1,9,0,0.09009009009009009,7.708571428571429,9.910714285714286,0.15,8.5
567,Todd Astle,New Zealand,6,5.928,175,174.0,2,21,0,0.5405405405405406,8.591999999999999,9.821428571428571,0.1206896551724138,8.793103448275861
568,Tom Cooper,Netherlands,1,5.0925,78,96.0,1,8,0,0.09009009009009009,8.830714285714285,9.910714285714286,0.08333333333333333,9.166666666666666
569,Tom Curran,England,29,6.696000000000001,1180,1176.0,30,127,7,2.6126126126126126,8.372571428571428,7.321428571428572,0.10799319727891156,8.920068027210885
570,Tom Sole,Scotland,10,4.693,387,504.0,14,31,7,0.9009009009009008,8.944857142857144,8.75,0.061507936507936505,9.384920634920634
571,Tony Munyonga,Zimbabwe,0,10.0,10,6.0,0,2,0,0.0,7.428571428571429,10.0,0.3333333333333333,6.666666666666668
572,Travis Head,Australia,2,6.554285714285713,151,137.0,0,16,0,0.18018018018018017,8.413061224489796,10.0,0.11678832116788321,8.832116788321168
573,Trent Boult,New Zealand,83,4.839047619047619,1920,2375.0,77,230,32,7.4774774774774775,8.90312925170068,3.125,0.0968421052631579,9.031578947368422
574,Umar Amin,Pakistan,0,3.0,6,12.0,0,1,0,0.0,9.428571428571429,10.0,0.08333333333333333,9.166666666666666
575,Umesh Yadav,India,4,6.9025,275,239.0,6,38,0,0.36036036036036034,8.313571428571429,9.464285714285714,0.1589958158995816,8.410041841004185
576,Umran Malik,India,13,6.4799999999999995,355,330.0,14,50,2,1.1711711711711712,8.434285714285714,8.75,0.15151515151515152,8.484848484848484
577,Usama Mir,Pakistan,10,5.336666666666666,307,348.0,7,24,0,0.9009009009009008,8.760952380952382,9.375,0.06896551724137931,9.310344827586206
578,Usman Qadir,Pakistan,1,5.33,48,54.0,0,5,0,0.09009009009009009,8.762857142857143,10.0,0.09259259259259259,9.074074074074074
579,Usman Rafiq,United States of America,0,7.625,47,32.0,0,6,0,0.0,8.107142857142858,10.0,0.1875,8.125
580,Usman Shinwari,Pakistan,28,4.934666666666667,561,687.0,16,66,8,2.5225225225225225,8.875809523809524,8.571428571428573,0.09606986899563319,9.039301310043669
581,Venkatesh Iyer,India,0,5.6,28,30.0,0,2,0,0.0,8.685714285714285,10.0,0.06666666666666667,9.333333333333334
582,Victor Nyauchi,Zimbabwe,7,5.174,353,402.0,26,40,5,0.6306306306306306,8.807428571428572,7.678571428571428,0.09950248756218906,9.00497512437811
583,Vijay Shankar,India,4,6.064444444444444,210,233.0,8,25,0,0.36036036036036034,8.553015873015873,9.285714285714286,0.1072961373390558,8.927038626609443
584,Vikramjit Singh,Netherlands,7,7.309999999999999,169,174.0,8,20,1,0.6306306306306306,8.197142857142858,9.285714285714286,0.11494252873563218,8.85057471264368
585,Vishnu Sukumaran,United Arab Emirates,0,2.0,4,12.0,0,0,0,0.0,9.714285714285714,10.0,0.0,10.0
586,Vishwa Fernando,Sri Lanka,2,9.0,90,60.0,2,16,0,0.18018018018018017,7.714285714285714,9.821428571428571,0.26666666666666666,7.333333333333334
587,Vivian Kingma,Netherlands,21,5.429411764705883,730,812.0,45,82,7,1.891891891891892,8.734453781512606,5.982142857142857,0.10098522167487685,8.990147783251231
588,Wahab Riaz,Pakistan,18,5.9975,614,632.0,24,67,1,1.6216216216216217,8.572142857142858,7.857142857142857,0.1060126582278481,8.939873417721518
589,Waheed Ahmed,United Arab Emirates,1,4.8,94,120.0,5,5,0,0.09009009009009009,8.914285714285715,9.553571428571429,0.041666666666666664,9.583333333333334
590,Wanindu Hasaranga,Sri Lanka,58,4.889,1701,2080.0,9,156,17,5.225225225225225,8.888857142857143,9.196428571428571,0.075,9.25
591,Washington Sundar,India,15,4.603846153846154,370,456.0,8,36,2,1.3513513513513513,8.97032967032967,9.285714285714286,0.07894736842105263,9.210526315789473
592,Wasim Ali,Oman,0,8.66,13,9.0,0,2,0,0.0,7.811428571428571,10.0,0.2222222222222222,7.777777777777778
593,Wayne Parnell,South Africa,5,4.93875,272,313.0,9,38,3,0.4504504504504504,8.874642857142858,9.196428571428571,0.12140575079872204,8.78594249201278
594,Wellington Masakadza,Zimbabwe,16,5.225714285714285,807,907.0,17,62,1,1.4414414414414414,8.79265306122449,8.482142857142858,0.06835722160970231,9.316427783902977
595,Wes Agar,Australia,0,3.65,39,66.0,4,4,1,0.0,9.242857142857142,9.642857142857142,0.06060606060606061,9.393939393939394
596,Wesley Barresi,Netherlands,0,8.5,17,12.0,0,3,0,0.0,7.857142857142857,10.0,0.25,7.5
597,Wessly Madhevere,Zimbabwe,13,5.765555555555556,661,782.0,12,52,1,1.1711711711711712,8.638412698412699,8.928571428571429,0.06649616368286446,9.335038363171355
598,Wiaan Mulder,South Africa,9,6.080909090909091,309,306.0,20,34,0,0.8108108108108109,8.548311688311689,8.214285714285714,0.1111111111111111,8.88888888888889
599,Will Jacks,England,1,4.05,45,66.0,1,4,0,0.09009009009009009,9.128571428571428,9.910714285714286,0.06060606060606061,9.393939393939394
600,Yamin Ahmadzai,Afghanistan,5,5.816,214,232.0,9,32,2,0.4504504504504504,8.624,9.196428571428571,0.13793103448275862,8.620689655172413
601,Yannic Cariah,West Indies,9,6.6075,346,351.0,1,45,1,0.8108108108108109,8.397857142857143,9.910714285714286,0.1282051282051282,8.717948717948719
602,Yasir Ali,Bangladesh,0,2.0,2,6.0,0,0,0,0.0,9.714285714285714,10.0,0.0,10.0
603,Yasir Mohammad,United States of America,3,6.516666666666667,113,108.0,0,13,0,0.2702702702702703,8.423809523809524,10.0,0.12037037037037036,8.796296296296296
604,Yasir Shah,Pakistan,6,5.17375,384,444.0,4,34,3,0.5405405405405406,8.807500000000001,9.642857142857142,0.07657657657657657,9.234234234234235
605,Yuzvendra Chahal,India,94,5.576037735849056,2606,2869.0,48,237,5,8.468468468468469,8.692560646900269,5.7142857142857135,0.08260718020216103,9.17392819797839
606,Zahid Mahmood,Pakistan,4,6.0600000000000005,220,216.0,2,24,0,0.36036036036036034,8.554285714285715,9.821428571428571,0.1111111111111111,8.88888888888889
607,Zahir Khan,Afghanistan,2,5.5,55,60.0,5,5,0,0.18018018018018017,8.714285714285715,9.553571428571429,0.08333333333333333,9.166666666666666
608,Zahoor Khan,United Arab Emirates,72,4.974905660377359,2139,2557.0,92,218,24,6.486486486486487,8.864312668463612,1.785714285714286,0.0852561595619867,9.147438404380132
609,Zawar Farid,United Arab Emirates,8,5.574285714285714,187,201.0,4,23,0,0.7207207207207207,8.693061224489796,9.642857142857142,0.11442786069651742,8.855721393034825
610,Zeeshan Maqsood,Oman,55,4.470975609756097,1440,2021.0,12,115,19,4.954954954954955,9.008292682926829,8.928571428571429,0.05690252350321623,9.430974764967837
611,Zhivago Groenewald,Namibia,11,3.965,130,198.0,1,13,3,0.990990990990991,9.152857142857142,9.910714285714286,0.06565656565656566,9.343434343434344
612,Zia-ur-Rehman,Afghanistan,0,6.28,22,21.0,0,2,0,0.0,8.491428571428571,10.0,0.09523809523809523,9.047619047619047
